X0LU2Y301GLD,MCS ELITE 컴프레션 암가드,,https://www.2xu.kr/goods/goods_view.php?goodsNo=1000001875,새 상품,69000 KRW,재고 있음,http://dongin2xu.godohosting.com//goods/20/11/48/1000001875/1000001875_main_038.jpg
X0LU2Y301NRO,MCS ELITE 컴프레션 암가드,,https://www.2xu.kr/goods/goods_view.php?goodsNo=1000001876,새 상품,69000 KRW,재고 있음,http://dongin2xu.godohosting.com//goods/20/11/48/1000001876/1000001876_main_040.jpg
X0LU2Y401GLD,MCS ELITE 컴프레션 카프가드,,https://www.2xu.kr/goods/goods_view.php?goodsNo=1000001873,새 상품,69000 KRW,재고 있음,http://dongin2xu.godohosting.com//goods/20/11/48/1000001873/1000001873_main_036.jpg
X0LU2Y401NRO,MCS ELITE 컴프레션 카프가드,,https://www.2xu.kr/goods/goods_view.php?goodsNo=1000001874,새 상품,69000 KRW,재고 있음,http://dongin2xu.godohosting.com//goods/20/11/48/1000001874/1000001874_main_061.jpg
X0LU2Y402BLK,컴프레션 카프가드,,https://www.2xu.kr/goods/goods_view.php?goodsNo=1000001877,새 상품,59000 KRW,재고 있음,http://dongin2xu.godohosting.com//goods/20/11/48/1000001877/1000001877_main_099.jpg
X0LM2C205NRO,컴프레션 레깅스,,https://www.2xu.kr/goods/goods_view.php?goodsNo=1000001881,새 상품,109000 KRW,재고 있음,http://dongin2xu.godohosting.com//goods/20/11/48/1000001881/1000001881_main_043.jpg
X0LM2C205SLV,컴프레션 레깅스,,https://www.2xu.kr/goods/goods_view.php?goodsNo=1000001882,새 상품,109000 KRW,재고 있음,http://dongin2xu.godohosting.com//goods/20/11/48/1000001882/1000001882_main_069.jpg
X0LM2C203SLV,방풍 컴프레션 레깅스,,https://www.2xu.kr/goods/goods_view.php?goodsNo=1000001885,새 상품,129000 KRW,재고 있음,http://dongin2xu.godohosting.com//goods/20/11/48/1000001885/1000001885_main_077.jpg
X0LM2R201NRO,파워 리커버리 컴프레션 레깅스,,https://www.2xu.kr/goods/goods_view.php?goodsNo=1000001890,새 상품,169000 KRW,재고 있음,http://dongin2xu.godohosting.com//goods/20/11/48/1000001890/1000001890_main_072.jpg
X0LM2M201BLU,MCS Run 컴프레션 레깅스,,https://www.2xu.kr/goods/goods_view.php?goodsNo=1000001870,새 상품,139000 KRW,재고 있음,http://dongin2xu.godohosting.com//goods/20/11/47/1000001870/1000001870_main_076.jpg
X0LM2M201GLD,MCS Run 컴프레션 레깅스,,https://www.2xu.kr/goods/goods_view.php?goodsNo=1000001871,새 상품,139000 KRW,재고 없음,http://dongin2xu.godohosting.com//goods/20/11/47/1000001871/1000001871_main_017.jpg
X0LM2M202NRO,MCS X 트레이닝 컴프레션 레깅스,,https://www.2xu.kr/goods/goods_view.php?goodsNo=1000001869,새 상품,139000 KRW,재고 있음,http://dongin2xu.godohosting.com//goods/20/11/47/1000001869/1000001869_main_017.jpg
X0LM2M202GLD,MCS X 트레이닝 컴프레션 레깅스,,https://www.2xu.kr/goods/goods_view.php?goodsNo=1000001868,새 상품,139000 KRW,재고 있음,http://dongin2xu.godohosting.com//goods/20/11/47/1000001868/1000001868_main_091.jpg
X0WU11048BLK,데이아웃 엑스트라 다운 자켓,,https://www.2xu.kr/goods/goods_view.php?goodsNo=1000001860,새 상품,279300 KRW,재고 있음,http://dongin2xu.godohosting.com//goods/20/11/47/1000001860/1000001860_main_060.jpg
X0WU11012KHA,코나 스트레치 구스다운 자켓,,https://www.2xu.kr/goods/goods_view.php?goodsNo=1000001858,새 상품,299000 KRW,재고 있음,http://dongin2xu.godohosting.com//goods/20/11/45/1000001858/1000001858_main_024.jpg
X0WU11012BLK,코나 스트레치 구스다운 자켓,,https://www.2xu.kr/goods/goods_view.php?goodsNo=1000001640,새 상품,299000 KRW,재고 있음,http://dongin2xu.godohosting.com//goods/20/09/37/1000001640/1000001640_main_062.jpg
X0WU11012RED1022,코나 스트레치 구스다운 자켓,,https://www.2xu.kr/goods/goods_view.php?goodsNo=1000001642,새 상품,299000 KRW,재고 있음,http://dongin2xu.godohosting.com//goods/20/09/37/1000001642/1000001642_main_029.jpg
X0WU11044NVY,콜라보 트렌짓 다운 자켓,,https://www.2xu.kr/goods/goods_view.php?goodsNo=1000001854,새 상품,251300 KRW,재고 있음,http://dongin2xu.godohosting.com//goods/20/10/44/1000001854/1000001854_main_043.jpg
X0WU11044BLK,콜라보 트렌짓 다운 자켓,,https://www.2xu.kr/goods/goods_view.php?goodsNo=1000001853,새 상품,251300 KRW,재고 있음,http://dongin2xu.godohosting.com//goods/20/10/44/1000001853/1000001853_main_073.jpg
X0WU11044YEL,콜라보 트렌짓 다운 자켓,,https://www.2xu.kr/goods/goods_view.php?goodsNo=1000001855,새 상품,251300 KRW,재고 있음,http://dongin2xu.godohosting.com//goods/20/10/44/1000001855/1000001855_main_010.jpg
X0LU13107BLK,코어 긴팔 티셔츠 2 pack,,https://www.2xu.kr/goods/goods_view.php?goodsNo=1000001856,새 상품,41900 KRW,재고 있음,http://dongin2xu.godohosting.com//goods/20/10/44/1000001856/1000001856_main_037.jpg
X0WM11050BLK,코듀라 숏다운 자켓,,https://www.2xu.kr/goods/goods_view.php?goodsNo=1000001852,새 상품,279300 KRW,재고 있음,http://dongin2xu.godohosting.com//goods/20/10/43/1000001852/1000001852_main_021.jpg
X0WU11033BLK,얼티밋 트레이닝 구스다운 자켓,,https://www.2xu.kr/goods/goods_view.php?goodsNo=1000001849,새 상품,299000 KRW,재고 있음,http://dongin2xu.godohosting.com//goods/20/10/43/1000001849/1000001849_main_017.jpg
X0WU11033WHT,얼티밋 트레이닝 구스다운 자켓,,https://www.2xu.kr/goods/goods_view.php?goodsNo=1000001850,새 상품,299000 KRW,재고 있음,http://dongin2xu.godohosting.com//goods/20/10/43/1000001850/1000001850_main_011.jpg
X0WU11033KHA,얼티밋 트레이닝 구스다운 자켓,,https://www.2xu.kr/goods/goods_view.php?goodsNo=1000001851,새 상품,299000 KRW,재고 없음,http://dongin2xu.godohosting.com//goods/20/10/43/1000001851/1000001851_main_082.jpg
X0WM11016RED,GHST 해비 구스다운 자켓,,https://www.2xu.kr/goods/goods_view.php?goodsNo=1000001848,새 상품,321300 KRW,재고 있음,http://dongin2xu.godohosting.com//goods/20/10/43/1000001848/1000001848_main_014.jpg
X0WM11016BLK,GHST 해비 구스다운 자켓,,https://www.2xu.kr/goods/goods_view.php?goodsNo=1000001840,새 상품,321300 KRW,재고 있음,http://dongin2xu.godohosting.com//goods/20/10/43/1000001840/1000001840_main_034.jpg
X0LM2A204NRO,기모 엑셀레이트 컴프레션 레깅스,,https://www.2xu.kr/goods/goods_view.php?goodsNo=1000001750,새 상품,129000 KRW,재고 있음,http://dongin2xu.godohosting.com//goods/20/10/42/1000001750/1000001750_main_090.jpg
X0LM27101BLK,XVENT 우븐 조거 팬츠,,https://www.2xu.kr/goods/goods_view.php?goodsNo=1000001733,새 상품,83300 KRW,재고 있음,http://dongin2xu.godohosting.com//goods/20/10/42/1000001733/1000001733_main_066.jpg
X0LM27002CHA,XVENT 쇼츠,,https://www.2xu.kr/goods/goods_view.php?goodsNo=1000001732,새 상품,48300 KRW,재고 있음,http://dongin2xu.godohosting.com//goods/20/10/42/1000001732/1000001732_main_067.jpg
X0LM25106BLU,XVENT G2 반팔티,,https://www.2xu.kr/goods/goods_view.php?goodsNo=1000001730,새 상품,48300 KRW,재고 있음,http://dongin2xu.godohosting.com//goods/20/10/42/1000001730/1000001730_main_095.jpg
X0LM25106CHA,XVENT G2 반팔티,,https://www.2xu.kr/goods/goods_view.php?goodsNo=1000001729,새 상품,48300 KRW,재고 있음,http://dongin2xu.godohosting.com//goods/20/10/42/1000001729/1000001729_main_075.jpg
X0LM25106BLK,XVENT G2 반팔티,,https://www.2xu.kr/goods/goods_view.php?goodsNo=1000001728,새 상품,48300 KRW,재고 있음,http://dongin2xu.godohosting.com//goods/20/10/42/1000001728/1000001728_main_08.jpg
X0LM23103BLU,퍼수트 기모 하프집업 긴팔티,,https://www.2xu.kr/goods/goods_view.php?goodsNo=1000001721,새 상품,69300 KRW,재고 있음,http://dongin2xu.godohosting.com//goods/20/10/41/1000001721/1000001721_main_064.jpg
X0LM23103MLG,퍼수트 기모 하프집업 긴팔티,,https://www.2xu.kr/goods/goods_view.php?goodsNo=1000001722,새 상품,69300 KRW,재고 없음,http://dongin2xu.godohosting.com//goods/20/10/41/1000001722/1000001722_main_06.jpg
X0LM23105BLK,XVENT G2 긴팔티,,https://www.2xu.kr/goods/goods_view.php?goodsNo=1000001718,새 상품,55300 KRW,재고 있음,http://dongin2xu.godohosting.com//goods/20/10/41/1000001718/1000001718_main_018.jpg
X0LM23105BLU,XVENT G2 긴팔티,,https://www.2xu.kr/goods/goods_view.php?goodsNo=1000001719,새 상품,55300 KRW,재고 있음,http://dongin2xu.godohosting.com//goods/20/10/41/1000001719/1000001719_main_038.jpg
X0LM23102DMG,히트 베이스 레이어 긴팔티,,https://www.2xu.kr/goods/goods_view.php?goodsNo=1000001726,새 상품,48300 KRW,재고 있음,http://dongin2xu.godohosting.com//goods/20/10/41/1000001726/1000001726_main_038.jpg
X0LM23104BLU,GHST 하프집업 긴팔티,,https://www.2xu.kr/goods/goods_view.php?goodsNo=1000001717,새 상품,62300 KRW,재고 있음,http://dongin2xu.godohosting.com//goods/20/10/41/1000001717/1000001717_main_096.jpg
X0LU2Y504BLK,VECTR 울트라라이트 양말,,https://www.2xu.kr/goods/goods_view.php?goodsNo=1000001707,새 상품,19000 KRW,재고 있음,http://dongin2xu.godohosting.com//goods/20/10/41/1000001707/1000001707_main_021.jpg
X0LU2Y504WHT,VECTR 울트라라이트 양말,,https://www.2xu.kr/goods/goods_view.php?goodsNo=1000001708,새 상품,19000 KRW,재고 있음,http://dongin2xu.godohosting.com//goods/20/10/41/1000001708/1000001708_main_012.jpg
X0LU2Y302BLK,컴프레션 암가드,,https://www.2xu.kr/goods/goods_view.php?goodsNo=1000001699,새 상품,29000 KRW,재고 있음,http://dongin2xu.godohosting.com//goods/20/10/41/1000001699/1000001699_main_030.jpg
X0LU2Y302WHT,컴프레션 암가드,,https://www.2xu.kr/goods/goods_view.php?goodsNo=1000001700,새 상품,29000 KRW,재고 있음,http://dongin2xu.godohosting.com//goods/20/10/41/1000001700/1000001700_main_030.jpg
X0LU2Y403WHT,컴프레션 카프가드,,https://www.2xu.kr/goods/goods_view.php?goodsNo=1000001704,새 상품,49000 KRW,재고 있음,http://dongin2xu.godohosting.com//goods/20/10/41/1000001704/1000001704_main_029.jpg
X0LU2Y403BLU,컴프레션 카프가드,,https://www.2xu.kr/goods/goods_view.php?goodsNo=1000001703,새 상품,49000 KRW,재고 있음,http://dongin2xu.godohosting.com//goods/20/10/41/1000001703/1000001703_main_065.jpg
X0LU2Y403PNK,컴프레션 카프가드,,https://www.2xu.kr/goods/goods_view.php?goodsNo=1000001702,새 상품,49000 KRW,재고 있음,http://dongin2xu.godohosting.com//goods/20/10/41/1000001702/1000001702_main_073.jpg
X0LU2Y403BLK,컴프레션 카프가드,,https://www.2xu.kr/goods/goods_view.php?goodsNo=1000001701,새 상품,49000 KRW,재고 있음,http://dongin2xu.godohosting.com//goods/20/10/41/1000001701/1000001701_main_01.jpg
X0WM21001BLK,퍼수트 인슐레이션 자켓,,https://www.2xu.kr/goods/goods_view.php?goodsNo=1000001693,새 상품,195300 KRW,재고 있음,http://dongin2xu.godohosting.com//goods/20/10/41/1000001693/1000001693_main_059.jpg
X0LM11411BEG,프라임플렉스 스트레치 자켓,,https://www.2xu.kr/goods/goods_view.php?goodsNo=1000001691,새 상품,139300 KRW,재고 있음,http://dongin2xu.godohosting.com//goods/20/10/41/1000001691/1000001691_main_071.jpg
X0LM11411BLK,프라임플렉스 스트레치 자켓,,https://www.2xu.kr/goods/goods_view.php?goodsNo=1000001692,새 상품,139300 KRW,재고 있음,http://dongin2xu.godohosting.com//goods/20/10/41/1000001692/1000001692_main_013.jpg
X0WM11624BLK1156,테크 유틸리티 트레이닝 자켓,,https://www.2xu.kr/goods/goods_view.php?goodsNo=1000001678,새 상품,139300 KRW,재고 있음,http://dongin2xu.godohosting.com//goods/20/09/39/1000001678/1000001678_main_08.jpg
X0WM11624DKH1224,테크 유틸리티 트레이닝 자켓,,https://www.2xu.kr/goods/goods_view.php?goodsNo=1000001679,새 상품,139300 KRW,재고 없음,http://dongin2xu.godohosting.com//goods/20/09/39/1000001679/1000001679_main_016.jpg
X0WM11724BLK1349,테크 유틸리티 트레이닝 팬츠,,https://www.2xu.kr/goods/goods_view.php?goodsNo=1000001682,새 상품,111300 KRW,재고 있음,http://dongin2xu.godohosting.com//goods/20/09/39/1000001682/1000001682_main_027.jpg
X0WM11724DKH1419,테크 유틸리티 트레이닝 팬츠,,https://www.2xu.kr/goods/goods_view.php?goodsNo=1000001683,새 상품,111300 KRW,재고 있음,http://dongin2xu.godohosting.com//goods/20/09/39/1000001683/1000001683_main_04.jpg
X0LM17123BLK1254,테크 유틸리티 팬츠,,https://www.2xu.kr/goods/goods_view.php?goodsNo=1000001680,새 상품,111300 KRW,재고 있음,http://dongin2xu.godohosting.com//goods/20/09/39/1000001680/1000001680_main_099.jpg
X0LU11644BLK0753,코어 엑스트라 트레이닝 자켓,,https://www.2xu.kr/goods/goods_view.php?goodsNo=1000001656,새 상품,90300 KRW,재고 있음,http://dongin2xu.godohosting.com//goods/20/09/38/1000001656/1000001656_main_055.jpg
X0LU11644BLU0826,코어 엑스트라 트레이닝 자켓,,https://www.2xu.kr/goods/goods_view.php?goodsNo=1000001657,새 상품,90300 KRW,재고 있음,http://dongin2xu.godohosting.com//goods/20/09/38/1000001657/1000001657_main_031.jpg
X0LU11644MLG0902,코어 엑스트라 트레이닝 자켓,,https://www.2xu.kr/goods/goods_view.php?goodsNo=1000001658,새 상품,90300 KRW,재고 있음,http://dongin2xu.godohosting.com//goods/20/09/38/1000001658/1000001658_main_059.jpg
X0WU13521BLK,폴라텍 플리스 베스트,,https://www.2xu.kr/goods/goods_view.php?goodsNo=1000001659,새 상품,48300 KRW,재고 있음,http://dongin2xu.godohosting.com//goods/20/09/38/1000001659/1000001659_main_069.jpg
X0WU13521KHA,폴라텍 플리스 베스트,,https://www.2xu.kr/goods/goods_view.php?goodsNo=1000001660,새 상품,48300 KRW,재고 있음,http://dongin2xu.godohosting.com//goods/20/09/38/1000001660/1000001660_main_051.jpg
X0WU13521WLB,폴라텍 플리스 베스트,,https://www.2xu.kr/goods/goods_view.php?goodsNo=1000001661,새 상품,48300 KRW,재고 있음,http://dongin2xu.godohosting.com//goods/20/09/38/1000001661/1000001661_main_036.jpg
X0WU13841BLK1142,폴라텍 플리스 스웨트셔츠,,https://www.2xu.kr/goods/goods_view.php?goodsNo=1000001662,새 상품,62300 KRW,재고 있음,http://dongin2xu.godohosting.com//goods/20/09/38/1000001662/1000001662_main_044.jpg
X0WU13841WLB1212,폴라텍 플리스 스웨트셔츠,,https://www.2xu.kr/goods/goods_view.php?goodsNo=1000001663,새 상품,62300 KRW,재고 있음,http://dongin2xu.godohosting.com//goods/20/09/38/1000001663/1000001663_main_054.jpg
X0LM11725BLK1242,프라임플렉스 트레이닝 팬츠,,https://www.2xu.kr/goods/goods_view.php?goodsNo=1000001664,새 상품,104300 KRW,재고 있음,http://dongin2xu.godohosting.com//goods/20/09/38/1000001664/1000001664_main_029.jpg
X0LM11725DKH1312,프라임플렉스 트레이닝 팬츠,,https://www.2xu.kr/goods/goods_view.php?goodsNo=1000001665,새 상품,104300 KRW,재고 있음,http://dongin2xu.godohosting.com//goods/20/09/38/1000001665/1000001665_main_025.jpg
X0LM11625BLK0616,프라임플렉스 트레이닝 자켓,,https://www.2xu.kr/goods/goods_view.php?goodsNo=1000001654,새 상품,125300 KRW,재고 있음,http://dongin2xu.godohosting.com//goods/20/09/38/1000001654/1000001654_main_055.jpg
X0LM11625DKH0658,프라임플렉스 트레이닝 자켓,,https://www.2xu.kr/goods/goods_view.php?goodsNo=1000001655,새 상품,125300 KRW,재고 있음,http://dongin2xu.godohosting.com//goods/20/09/38/1000001655/1000001655_main_019.jpg
X0WM11612BLK3521,에어로 본디드 트레이닝 자켓,,https://www.2xu.kr/goods/goods_view.php?goodsNo=1000001581,새 상품,97300 KRW,재고 없음,http://dongin2xu.godohosting.com//goods/20/08/34/1000001581/1000001581_main_067.jpg
X0WM11612DNV3648,에어로 본디드 트레이닝 자켓,,https://www.2xu.kr/goods/goods_view.php?goodsNo=1000001582,새 상품,97300 KRW,재고 없음,http://dongin2xu.godohosting.com//goods/20/08/34/1000001582/1000001582_main_020.jpg
X0WM11713BLK5132,프리마로프트 트레이닝 팬츠,,https://www.2xu.kr/goods/goods_view.php?goodsNo=1000001599,새 상품,111300 KRW,재고 있음,http://dongin2xu.godohosting.com//goods/20/08/35/1000001599/1000001599_main_078.jpg
X0WM11713KHA1739,프리마로프트 트레이닝 팬츠,,https://www.2xu.kr/goods/goods_view.php?goodsNo=1000001667,새 상품,111300 KRW,재고 있음,http://dongin2xu.godohosting.com//goods/20/09/38/1000001667/1000001667_main_010.jpg
X0WM11613KHA2133,프리마로프트 트레이닝 자켓,,https://www.2xu.kr/goods/goods_view.php?goodsNo=1000001669,새 상품,139300 KRW,재고 없음,http://dongin2xu.godohosting.com//goods/20/09/38/1000001669/1000001669_main_024.jpg
X0WM11613BLK5721,프리마로프트 트레이닝 자켓,,https://www.2xu.kr/goods/goods_view.php?goodsNo=1000001583,새 상품,139300 KRW,재고 없음,http://dongin2xu.godohosting.com//goods/20/08/34/1000001583/1000001583_main_02.jpg
X0LM13132BLK3046,코듀라 긴팔티,,https://www.2xu.kr/goods/goods_view.php?goodsNo=1000001652,새 상품,55300 KRW,재고 있음,http://dongin2xu.godohosting.com//goods/20/09/37/1000001652/1000001652_main_023.jpg
X0LM13132DGY3117,코듀라 긴팔티,,https://www.2xu.kr/goods/goods_view.php?goodsNo=1000001653,새 상품,55300 KRW,재고 있음,http://dongin2xu.godohosting.com//goods/20/09/37/1000001653/1000001653_main_050.jpg
X0WU13543BLK3954,코어 엑스트라 플리스 자켓,,https://www.2xu.kr/goods/goods_view.php?goodsNo=1000001643,새 상품,111300 KRW,재고 없음,http://dongin2xu.godohosting.com//goods/20/09/37/1000001643/1000001643_main_072.jpg
X0WU13543IVY,코어 엑스트라 플리스 자켓,,https://www.2xu.kr/goods/goods_view.php?goodsNo=1000001644,새 상품,111300 KRW,재고 있음,http://dongin2xu.godohosting.com//goods/20/09/37/1000001644/1000001644_main_057.jpg
X0WU13543BLU4101,코어 엑스트라 플리스 자켓,,https://www.2xu.kr/goods/goods_view.php?goodsNo=1000001645,새 상품,111300 KRW,재고 있음,http://dongin2xu.godohosting.com//goods/20/09/37/1000001645/1000001645_main_062.jpg
X0LU11744BLK2206,코어 엑스트라 트레이닝 팬츠,,https://www.2xu.kr/goods/goods_view.php?goodsNo=1000001649,새 상품,69300 KRW,재고 있음,http://dongin2xu.godohosting.com//goods/20/09/37/1000001649/1000001649_main_016.jpg
X0LU11744BLU,코어 엑스트라 트레이닝 팬츠,,https://www.2xu.kr/goods/goods_view.php?goodsNo=1000001650,새 상품,69300 KRW,재고 있음,http://dongin2xu.godohosting.com//goods/20/09/37/1000001650/1000001650_main_068.jpg
X0LU11744MLG2311,코어 엑스트라 트레이닝 팬츠,,https://www.2xu.kr/goods/goods_view.php?goodsNo=1000001651,새 상품,69300 KRW,재고 있음,http://dongin2xu.godohosting.com//goods/20/09/37/1000001651/1000001651_main_058.jpg
X0WU13523BLK3534,후리스 쉘파 자켓,,https://www.2xu.kr/goods/goods_view.php?goodsNo=1000001633,새 상품,139300 KRW,재고 있음,http://dongin2xu.godohosting.com//goods/20/09/36/1000001633/1000001633_main_014.jpg
X0WU13523WHT,후리스 쉘파 자켓,,https://www.2xu.kr/goods/goods_view.php?goodsNo=1000001634,새 상품,139300 KRW,재고 있음,http://dongin2xu.godohosting.com//goods/20/09/36/1000001634/1000001634_main_079.jpg
X0LM11642BLK2713,코듀로이 트레이닝 자켓,,https://www.2xu.kr/goods/goods_view.php?goodsNo=1000001631,새 상품,97300 KRW,재고 있음,http://dongin2xu.godohosting.com//goods/20/09/36/1000001631/1000001631_main_072.jpg
X0LM11742BLK2913,코듀로이 트레이닝 팬츠,,https://www.2xu.kr/goods/goods_view.php?goodsNo=1000001632,새 상품,76300 KRW,재고 있음,http://dongin2xu.godohosting.com//goods/20/09/36/1000001632/1000001632_main_072.jpg
X0WM11203BEG5051,프리마로프트 인슐레이션 하프자켓,,https://www.2xu.kr/goods/goods_view.php?goodsNo=1000001623,새 상품,97300 KRW,재고 있음,http://dongin2xu.godohosting.com//goods/20/09/36/1000001623/1000001623_main_083.jpg
X0WM11203BLK,프리마로프트 인슐레이션 하프자켓,,https://www.2xu.kr/goods/goods_view.php?goodsNo=1000001624,새 상품,97300 KRW,재고 있음,http://dongin2xu.godohosting.com//goods/20/09/36/1000001624/1000001624_main_059.jpg
X0LU11711BLK5357,코어 본디드 트레이닝 팬츠,,https://www.2xu.kr/goods/goods_view.php?goodsNo=1000001617,새 상품,62300 KRW,재고 있음,http://dongin2xu.godohosting.com//goods/20/09/36/1000001617/1000001617_main_024.jpg
X0LU11711BEG5324,코어 본디드 트레이닝 팬츠,,https://www.2xu.kr/goods/goods_view.php?goodsNo=1000001616,새 상품,62300 KRW,재고 없음,http://dongin2xu.godohosting.com//goods/20/09/36/1000001616/1000001616_main_080.jpg
X0LU11711DNV5436,코어 본디드 트레이닝 팬츠,,https://www.2xu.kr/goods/goods_view.php?goodsNo=1000001618,새 상품,62300 KRW,재고 있음,http://dongin2xu.godohosting.com//goods/20/09/36/1000001618/1000001618_main_09.jpg
X0WU11011BLK3731,프라임플렉스 구스다운 자켓,,https://www.2xu.kr/goods/goods_view.php?goodsNo=1000001610,새 상품,139300 KRW,재고 있음,http://dongin2xu.godohosting.com//goods/20/09/36/1000001610/1000001610_main_084.jpg
X0WU11011WHT3849,프라임플렉스 구스다운 자켓,,https://www.2xu.kr/goods/goods_view.php?goodsNo=1000001612,새 상품,139300 KRW,재고 있음,http://dongin2xu.godohosting.com//goods/20/09/36/1000001612/1000001612_main_042.jpg
X0LM13811BLK0022,코어 포켓 스웨트셔츠,,https://www.2xu.kr/goods/goods_view.php?goodsNo=1000001609,새 상품,69300 KRW,재고 있음,http://dongin2xu.godohosting.com//goods/20/09/36/1000001609/1000001609_main_095.jpg
X0WM11632BLK4500,얼티밋 3L 트레이닝 자켓,,https://www.2xu.kr/goods/goods_view.php?goodsNo=1000001605,새 상품,104300 KRW,재고 있음,http://dongin2xu.godohosting.com//goods/20/08/36/1000001605/1000001605_main_040.jpg
X0WM11632NVY4537,얼티밋 3L 트레이닝 자켓,,https://www.2xu.kr/goods/goods_view.php?goodsNo=1000001606,새 상품,104300 KRW,재고 있음,http://dongin2xu.godohosting.com//goods/20/08/36/1000001606/1000001606_main_033.jpg
X0WM11732BLK4616,얼티밋 3L 트레이닝 팬츠,,https://www.2xu.kr/goods/goods_view.php?goodsNo=1000001607,새 상품,83300 KRW,재고 있음,http://dongin2xu.godohosting.com//goods/20/08/36/1000001607/1000001607_main_02.jpg
X0WM11732NVY4656,얼티밋 3L 트레이닝 팬츠,,https://www.2xu.kr/goods/goods_view.php?goodsNo=1000001608,새 상품,83300 KRW,재고 있음,http://dongin2xu.godohosting.com//goods/20/08/36/1000001608/1000001608_main_060.jpg
X0WU11202BLK1047,프리마로프트 인슐레이션 베스트,,https://www.2xu.kr/goods/goods_view.php?goodsNo=1000001603,새 상품,83300 KRW,재고 있음,http://dongin2xu.godohosting.com//goods/20/08/35/1000001603/1000001603_main_0100.jpg
X0WU11202BEG1006,프리마로프트 인슐레이션 베스트,,https://www.2xu.kr/goods/goods_view.php?goodsNo=1000001602,새 상품,83300 KRW,재고 있음,http://dongin2xu.godohosting.com//goods/20/08/35/1000001602/1000001602_main_085.jpg
X0WU11202DNV1127,프리마로프트 인슐레이션 베스트,,https://www.2xu.kr/goods/goods_view.php?goodsNo=1000001604,새 상품,83300 KRW,재고 있음,http://dongin2xu.godohosting.com//goods/20/08/35/1000001604/1000001604_main_037.jpg
X0LM13732BLK2037,코듀라 후디,,https://www.2xu.kr/goods/goods_view.php?goodsNo=1000001588,새 상품,90300 KRW,재고 있음,http://dongin2xu.godohosting.com//goods/20/08/35/1000001588/1000001588_main_087.jpg
X0LM13732DGY2111,코듀라 후디,,https://www.2xu.kr/goods/goods_view.php?goodsNo=1000001589,새 상품,90300 KRW,재고 있음,http://dongin2xu.godohosting.com//goods/20/08/35/1000001589/1000001589_main_056.jpg
X0LM13831DGY4419,코듀라 스웨트셔츠,,https://www.2xu.kr/goods/goods_view.php?goodsNo=1000001576,새 상품,69300 KRW,재고 있음,http://dongin2xu.godohosting.com//goods/20/08/34/1000001576/1000001576_main_05.jpg
X0LM13831BLK1344,코듀라 스웨트셔츠,,https://www.2xu.kr/goods/goods_view.php?goodsNo=1000001578,새 상품,69300 KRW,재고 있음,http://dongin2xu.godohosting.com//goods/20/08/34/1000001578/1000001578_main_080.jpg
X0LM17131BLK,코듀라 스웨트팬츠,,https://www.2xu.kr/goods/goods_view.php?goodsNo=1000001600,새 상품,83300 KRW,재고 있음,http://dongin2xu.godohosting.com//goods/20/08/35/1000001600/1000001600_main_011.jpg
X0LM17131DGY0026,코듀라 스웨트팬츠,,https://www.2xu.kr/goods/goods_view.php?goodsNo=1000001601,새 상품,83300 KRW,재고 있음,http://dongin2xu.godohosting.com//goods/20/08/35/1000001601/1000001601_main_058.jpg
X0WM11712BLK4206,에어로 본디드 트레이닝 팬츠,,https://www.2xu.kr/goods/goods_view.php?goodsNo=1000001596,새 상품,83300 KRW,재고 있음,http://dongin2xu.godohosting.com//goods/20/08/35/1000001596/1000001596_main_015.jpg
X0WM11712DNV4250,에어로 본디드 트레이닝 팬츠,,https://www.2xu.kr/goods/goods_view.php?goodsNo=1000001597,새 상품,83300 KRW,재고 없음,http://dongin2xu.godohosting.com//goods/20/08/35/1000001597/1000001597_main_084.jpg
X0WM11712KHA4330,에어로 본디드 트레이닝 팬츠,,https://www.2xu.kr/goods/goods_view.php?goodsNo=1000001598,새 상품,83300 KRW,재고 없음,http://dongin2xu.godohosting.com//goods/20/08/35/1000001598/1000001598_main_029.jpg
X0LU13842MLG4138,코어 엑스트라 스웨트셔츠,,https://www.2xu.kr/goods/goods_view.php?goodsNo=1000001595,새 상품,55300 KRW,재고 있음,http://dongin2xu.godohosting.com//goods/20/08/35/1000001595/1000001595_main_067.jpg
X0LU13842BLU1244,코어 엑스트라 스웨트셔츠,,https://www.2xu.kr/goods/goods_view.php?goodsNo=1000001580,새 상품,55300 KRW,재고 있음,http://dongin2xu.godohosting.com//goods/20/08/34/1000001580/1000001580_main_012.jpg
X0LU13842BLK1202,코어 엑스트라 스웨트셔츠,,https://www.2xu.kr/goods/goods_view.php?goodsNo=1000001579,새 상품,55300 KRW,재고 있음,http://dongin2xu.godohosting.com//goods/20/08/34/1000001579/1000001579_main_07.jpg
X0LU13743BLK3601,코어 엑스트라 후디,,https://www.2xu.kr/goods/goods_view.php?goodsNo=1000001592,새 상품,69300 KRW,재고 있음,http://dongin2xu.godohosting.com//goods/20/08/35/1000001592/1000001592_main_024.jpg
X0LU13743BLU3635,코어 엑스트라 후디,,https://www.2xu.kr/goods/goods_view.php?goodsNo=1000001593,새 상품,69300 KRW,재고 있음,http://dongin2xu.godohosting.com//goods/20/08/35/1000001593/1000001593_main_064.jpg
X0LU13743MLG3712,코어 엑스트라 후디,,https://www.2xu.kr/goods/goods_view.php?goodsNo=1000001594,새 상품,69300 KRW,재고 있음,http://dongin2xu.godohosting.com//goods/20/08/35/1000001594/1000001594_main_06.jpg
X0WU11049BLK2840,콜라보 벤치다운,,https://www.2xu.kr/goods/goods_view.php?goodsNo=1000001590,새 상품,299000 KRW,재고 있음,http://dongin2xu.godohosting.com//goods/20/08/35/1000001590/1000001590_main_044.jpg
X0WU11049NVY2915,콜라보 벤치다운,,https://www.2xu.kr/goods/goods_view.php?goodsNo=1000001591,새 상품,299000 KRW,재고 있음,http://dongin2xu.godohosting.com//goods/20/08/35/1000001591/1000001591_main_010.jpg
X0LM13731BLK1532,테크 유틸리티 후디,,https://www.2xu.kr/goods/goods_view.php?goodsNo=1000001587,새 상품,90300 KRW,재고 있음,http://dongin2xu.godohosting.com//goods/20/08/35/1000001587/1000001587_main_08.jpg
X0WU13442BLK5920,콜라보 트렌짓 플리스,,https://www.2xu.kr/goods/goods_view.php?goodsNo=1000001584,새 상품,125300 KRW,재고 있음,http://dongin2xu.godohosting.com//goods/20/08/34/1000001584/1000001584_main_013.jpg
X0WU13442IVY0015,콜라보 트렌짓 플리스,,https://www.2xu.kr/goods/goods_view.php?goodsNo=1000001585,새 상품,125300 KRW,재고 있음,http://dongin2xu.godohosting.com//goods/20/08/34/1000001585/1000001585_main_092.jpg
X0WU13442KHA0112,콜라보 트렌짓 플리스,,https://www.2xu.kr/goods/goods_view.php?goodsNo=1000001586,새 상품,125300 KRW,재고 있음,http://dongin2xu.godohosting.com//goods/20/08/34/1000001586/1000001586_main_017.jpg
X0MM2M214_BRF,MCS 런 컴프레션 쇼츠,,https://www.2xu.kr/goods/goods_view.php?goodsNo=1000001567,새 상품,89000 KRW,재고 있음,https://www.2xu.kr/data/goods/20/05/22//1000001567/1000001567_main_049.jpg
X0MM2M214_GRF,MCS 런 컴프레션 쇼츠,,https://www.2xu.kr/goods/goods_view.php?goodsNo=1000001566,새 상품,89000 KRW,재고 있음,https://www.2xu.kr/data/goods/20/05/22//1000001566/1000001566_main_072.jpg
X0MM2B201_BLK,퍼폼 트라이 경기복 쇼츠,,https://www.2xu.kr/goods/goods_view.php?goodsNo=1000001565,새 상품,76300 KRW,재고 있음,https://www.2xu.kr/data/goods/20/05/22//1000001565/1000001565_main_062.jpg
X0MM2B301_GLD,컴프레션 풀 집업 경기복 트라이수트,,https://www.2xu.kr/goods/goods_view.php?goodsNo=1000001564,새 상품,223300 KRW,재고 있음,https://www.2xu.kr/data/goods/20/05/22//1000001564/1000001564_main_072.jpg
X0MM2B101_CHA,퍼폼 트라이 경기복 민소매,,https://www.2xu.kr/goods/goods_view.php?goodsNo=1000001563,새 상품,76300 KRW,재고 있음,https://www.2xu.kr/data/goods/20/05/22//1000001563/1000001563_main_010.jpg
X0MM2C215_SLV,코어 컴프레션 레깅스,,https://www.2xu.kr/goods/goods_view.php?goodsNo=1000001540,새 상품,109000 KRW,재고 있음,https://www.2xu.kr/data/goods/20/05/22//1000001540/1000001540_main_085.jpg
X0MM2X513_BLK,엑스벤티 쇼츠,,https://www.2xu.kr/goods/goods_view.php?goodsNo=1000001535,새 상품,48300 KRW,재고 있음,https://www.2xu.kr/data/goods/20/05/22//1000001535/1000001535_main_07.jpg
X0MM2O211_SRF,런 대시 컴프레션 레깅스,,https://www.2xu.kr/goods/goods_view.php?goodsNo=1000001488,새 상품,119000 KRW,재고 있음,https://www.2xu.kr/data/goods/20/04/16//1000001488/1000001488_main_077.jpg
X0MM2O212_SRF,런 대시 컴프레션 쇼츠,,https://www.2xu.kr/goods/goods_view.php?goodsNo=1000001487,새 상품,89000 KRW,재고 있음,https://www.2xu.kr/data/goods/20/04/16//1000001487/1000001487_main_054.jpg
X0GM11701_BLK,트렌짓 콜라보 트레이닝 팬츠,,https://www.2xu.kr/goods/goods_view.php?goodsNo=1000001445,새 상품,90300 KRW,재고 있음,https://www.2xu.kr/data/goods/20/04/14//1000001445/1000001445_main_026.jpg
X0GM11701_LKH,트렌짓 콜라보 트레이닝 팬츠,,https://www.2xu.kr/goods/goods_view.php?goodsNo=1000001434,새 상품,90300 KRW,재고 있음,https://www.2xu.kr/data/goods/20/04/14//1000001434/1000001434_main_090.jpg
X0GM11601_BLK,트렌짓 콜라보 트레이닝 자켓,,https://www.2xu.kr/goods/goods_view.php?goodsNo=1000001415,새 상품,104300 KRW,재고 있음,https://www.2xu.kr/data/goods/20/03/14//1000001415/1000001415_main_079.jpg
X0GM11601_LKH,트렌짓 콜라보 트레이닝 자켓,,https://www.2xu.kr/goods/goods_view.php?goodsNo=1000001414,새 상품,104300 KRW,재고 있음,https://www.2xu.kr/data/goods/20/03/14//1000001414/1000001414_main_028.jpg
X0GM13745_BLK,아카바 엑스트라 트레이닝 후디,,https://www.2xu.kr/goods/goods_view.php?goodsNo=1000001417,새 상품,62300 KRW,재고 있음,https://www.2xu.kr/data/goods/20/03/14//1000001417/1000001417_main_042.jpg
X0GM13745_MLG,아카바 엑스트라 트레이닝 후디,,https://www.2xu.kr/goods/goods_view.php?goodsNo=1000001416,새 상품,62300 KRW,재고 있음,https://www.2xu.kr/data/goods/20/03/14//1000001416/1000001416_main_061.jpg
X0GU11431_BLK,원샷 자켓,,https://www.2xu.kr/goods/goods_view.php?goodsNo=1000001248,새 상품,139300 KRW,재고 있음,https://www.2xu.kr/data/goods/20/02/06//1000001248/1000001248_main_070.jpg
X0GM13724_BLK,코스트 후디 풀 집업,,https://www.2xu.kr/goods/goods_view.php?goodsNo=1000001402,새 상품,125300 KRW,재고 있음,https://www.2xu.kr/data/goods/20/03/14//1000001402/1000001402_main_086.jpg
X0GM13724_KHA,코스트 후디 풀 집업,,https://www.2xu.kr/goods/goods_view.php?goodsNo=1000001401,새 상품,125300 KRW,재고 있음,https://www.2xu.kr/data/goods/20/03/14//1000001401/1000001401_main_038.jpg
X0GM11742_MGR,데이아웃 엑스트라 트레이닝 팬츠,,https://www.2xu.kr/goods/goods_view.php?goodsNo=1000001384,새 상품,90300 KRW,재고 있음,https://www.2xu.kr/data/goods/20/03/13//1000001384/1000001384_main_016.jpg
X0GM13842_BLK,코어 블락 로고 엑스트라 핏 스웨트셔츠,,https://www.2xu.kr/goods/goods_view.php?goodsNo=1000001361,새 상품,55300 KRW,재고 있음,https://www.2xu.kr/data/goods/20/03/12//1000001361/1000001361_main_068.jpg
X0GM13842_MLG,코어 블락 로고 엑스트라 핏 스웨트셔츠,,https://www.2xu.kr/goods/goods_view.php?goodsNo=1000001360,새 상품,55300 KRW,재고 있음,https://www.2xu.kr/data/goods/20/03/12//1000001360/1000001360_main_047.jpg
X0GU13723_BEG,데이브레이크 리버서블 포켓 후디,,https://www.2xu.kr/goods/goods_view.php?goodsNo=1000001357,새 상품,104300 KRW,재고 있음,https://www.2xu.kr/data/goods/20/03/12//1000001357/1000001357_main_068.jpg
X0GU13723_BLK,데이브레이크 리버시블 포켓 후디,,https://www.2xu.kr/goods/goods_view.php?goodsNo=1000001356,새 상품,104300 KRW,재고 있음,https://www.2xu.kr/data/goods/20/03/12//1000001356/1000001356_main_044.jpg
X0GU13841_BLK,코어 블럭 로고 스웨트셔츠,,https://www.2xu.kr/goods/goods_view.php?goodsNo=1000001355,새 상품,55300 KRW,재고 있음,https://www.2xu.kr/data/goods/20/03/12//1000001355/1000001355_main_055.jpg
X0GU13841_MLG,코어 블럭 로고 스웨트 셔츠,,https://www.2xu.kr/goods/goods_view.php?goodsNo=1000001354,새 상품,55300 KRW,재고 있음,https://www.2xu.kr/data/goods/20/03/12//1000001354/1000001354_main_064.jpg
X0GM11642_BLK,데이아웃 엑스트라 트레이닝 자켓,,https://www.2xu.kr/goods/goods_view.php?goodsNo=1000001350,새 상품,104300 KRW,재고 있음,https://www.2xu.kr/data/goods/20/03/11//1000001350/1000001350_main_052.jpg
X0GM11642_MGR,데이아웃 엑스트라 트레이닝 자켓,,https://www.2xu.kr/goods/goods_view.php?goodsNo=1000001349,새 상품,104300 KRW,재고 있음,https://www.2xu.kr/data/goods/20/03/11//1000001349/1000001349_main_029.jpg
X0GM13121_LGY,코어 긴팔티,,https://www.2xu.kr/goods/goods_view.php?goodsNo=1000001352,새 상품,41300 KRW,재고 있음,https://www.2xu.kr/data/goods/20/03/11//1000001352/1000001352_main_093.jpg
X0GU11711_WHT,코어 트레이닝 팬츠,,https://www.2xu.kr/goods/goods_view.php?goodsNo=1000001224,새 상품,62300 KRW,재고 있음,https://www.2xu.kr/data/goods/20/01/04//1000001224/1000001224_main_023.jpg
X0GU11611_WHT,코어 트레이닝 자켓,,https://www.2xu.kr/goods/goods_view.php?goodsNo=1000001221,새 상품,109000 KRW,재고 없음,https://www.2xu.kr/data/goods/20/01/04//1000001221/1000001221_main_051.JPG
X0GM11733_LGY,데번 트레이닝 팬츠,,https://www.2xu.kr/goods/goods_view.php?goodsNo=1000001254,새 상품,97300 KRW,재고 있음,https://www.2xu.kr/data/goods/20/02/06//1000001254/1000001254_main_015.jpg
X0GM11621_BLK,데이브레이크 테크 트레이닝 자켓,,https://www.2xu.kr/goods/goods_view.php?goodsNo=1000001346,새 상품,153300 KRW,재고 있음,https://www.2xu.kr/data/goods/20/03/10//1000001346/1000001346_main_04.jpg
X0GU11711_BLK,코어 트레이닝 팬츠,,https://www.2xu.kr/goods/goods_view.php?goodsNo=1000001226,새 상품,62300 KRW,재고 있음,https://www.2xu.kr/data/goods/20/01/04//1000001226/1000001226_main_030.jpg
X0GU11611_BLK,코어 트레이닝 자켓,,https://www.2xu.kr/goods/goods_view.php?goodsNo=1000001223,새 상품,76300 KRW,재고 있음,https://www.2xu.kr/data/goods/20/01/04//1000001223/1000001223_main_064.jpg
X0GU11711_DGY,코어 트레이닝 팬츠,,https://www.2xu.kr/goods/goods_view.php?goodsNo=1000001225,새 상품,62300 KRW,재고 있음,https://www.2xu.kr/data/goods/20/01/04//1000001225/1000001225_main_089.jpg
X0GU11424_BLK,키부 엑티브 자켓,,https://www.2xu.kr/goods/goods_view.php?goodsNo=1000001344,새 상품,195300 KRW,재고 있음,https://www.2xu.kr/data/goods/20/03/10//1000001344/1000001344_main_015.jpg
X0GU11422_DGY,푸트라 테크 아노락 자켓,,https://www.2xu.kr/goods/goods_view.php?goodsNo=1000001331,새 상품,167300 KRW,재고 있음,https://www.2xu.kr/data/goods/20/02/09//1000001331/1000001331_main_082.jpg
X0GU11422_BLK,푸트라 테크 아노락 자켓,,https://www.2xu.kr/goods/goods_view.php?goodsNo=1000001324,새 상품,167300 KRW,재고 있음,https://www.2xu.kr/data/goods/20/02/09//1000001324/1000001324_main_077.jpg
X0GM11423_BEG,바로스 스트레치 자켓,,https://www.2xu.kr/goods/goods_view.php?goodsNo=1000001319,새 상품,181300 KRW,재고 있음,https://www.2xu.kr/data/goods/20/02/09//1000001319/1000001319_main_061.jpg
X0GM11423_BLK,바로스 스트레치 자켓,,https://www.2xu.kr/goods/goods_view.php?goodsNo=1000001318,새 상품,181300 KRW,재고 있음,https://www.2xu.kr/data/goods/20/02/09//1000001318/1000001318_main_067.jpg
X0GU11425_BLK,데이브레이크 멀티 포켓 자켓,,https://www.2xu.kr/goods/goods_view.php?goodsNo=1000001309,새 상품,195300 KRW,재고 있음,https://www.2xu.kr/data/goods/20/02/08//1000001309/1000001309_main_039.jpg
X0GU11425_KHA,데이브레이크 멀티 포켓 자켓,,https://www.2xu.kr/goods/goods_view.php?goodsNo=1000001308,새 상품,195300 KRW,재고 있음,https://www.2xu.kr/data/goods/20/02/08//1000001308/1000001308_main_067.jpg
X0GM17121_BLK,룩소르 스위트 조거 팬츠,,https://www.2xu.kr/goods/goods_view.php?goodsNo=1000001258,새 상품,104300 KRW,재고 없음,https://www.2xu.kr/data/goods/20/02/06//1000001258/1000001258_main_099.jpg
X0GM17121_LBE,룩소르 스위트 조거 팬츠,,https://www.2xu.kr/goods/goods_view.php?goodsNo=1000001257,새 상품,104300 KRW,재고 없음,https://www.2xu.kr/data/goods/20/02/06//1000001257/1000001257_main_02.jpg
X0GM17123_BLK,데이브레이크 테크 스트레치 팬츠,,https://www.2xu.kr/goods/goods_view.php?goodsNo=1000001256,새 상품,125300 KRW,재고 있음,https://www.2xu.kr/data/goods/20/02/06//1000001256/1000001256_main_097.jpg
X0GM17122_BLK,하바나 엑티브 조거 팬츠,,https://www.2xu.kr/goods/goods_view.php?goodsNo=1000001231,새 상품,104300 KRW,재고 있음,https://www.2xu.kr/data/goods/20/01/05//1000001231/1000001231_main_029.jpg
X0GU11611_DGY,코어 트레이닝 자켓,,https://www.2xu.kr/goods/goods_view.php?goodsNo=1000001222,새 상품,76300 KRW,재고 있음,https://www.2xu.kr/data/goods/20/01/04//1000001222/1000001222_main_092.jpg
XVWM13434_KHA,디도 풀 집업,,https://www.2xu.kr/goods/goods_view.php?goodsNo=1000001048,새 상품,89400 KRW,재고 있음,https://www.2xu.kr/data/goods/19/09/38//1000001048/1000001048_main_041.jpg
52736181XUM5154WHT,로고 엘레멘트 반팔 티셔츠,,https://www.2xu.kr/goods/goods_view.php?goodsNo=1000002282,새 상품,79000 KRW,재고 있음,http://dongin2xu.godohosting.com//goods/21/01/02/1000002282/1000002282_main_098.jpg
52704031XUM5154NVY,로고 엘레멘트 반팔 티셔츠,,https://www.2xu.kr/goods/goods_view.php?goodsNo=1000002281,새 상품,79000 KRW,재고 있음,http://dongin2xu.godohosting.com//goods/21/01/02/1000002281/1000002281_main_026.jpg
52380631XUM5152TUQ,심리스 반팔 티셔츠,,https://www.2xu.kr/goods/goods_view.php?goodsNo=1000002280,새 상품,69000 KRW,재고 있음,http://dongin2xu.godohosting.com//goods/21/01/02/1000002280/1000002280_main_064.jpg
52350861XUM5152BUD,심리스 반팔 티셔츠,,https://www.2xu.kr/goods/goods_view.php?goodsNo=1000002279,새 상품,69000 KRW,재고 있음,http://dongin2xu.godohosting.com//goods/21/01/02/1000002279/1000002279_main_083.jpg
52300831XUM5155RED,X 암 반팔 티셔츠,,https://www.2xu.kr/goods/goods_view.php?goodsNo=1000002278,새 상품,59000 KRW,재고 있음,http://dongin2xu.godohosting.com//goods/21/01/02/1000002278/1000002278_main_020.jpg
52274721XUM5155BLK,X 암 반팔 티셔츠,,https://www.2xu.kr/goods/goods_view.php?goodsNo=1000002277,새 상품,59000 KRW,재고 있음,http://dongin2xu.godohosting.com//goods/21/01/02/1000002277/1000002277_main_094.jpg
52238891XUM5156WHT,페미닌 컷 반팔 티셔츠,,https://www.2xu.kr/goods/goods_view.php?goodsNo=1000002276,새 상품,79000 KRW,재고 있음,http://dongin2xu.godohosting.com//goods/21/01/02/1000002276/1000002276_main_082.jpg
5221431XUM5156BLK,페미닌 컷 반팔 티셔츠,,https://www.2xu.kr/goods/goods_view.php?goodsNo=1000002275,새 상품,79000 KRW,재고 있음,http://dongin2xu.godohosting.com//goods/21/01/02/1000002275/1000002275_main_011.jpg
52037861XUM5313DMG,X 암 반팔 폴로셔츠,,https://www.2xu.kr/goods/goods_view.php?goodsNo=1000002274,새 상품,99000 KRW,재고 있음,http://dongin2xu.godohosting.com//goods/21/01/02/1000002274/1000002274_main_014.jpg
52009511XUM5313BUD,X 암 반팔 폴로셔츠,,https://www.2xu.kr/goods/goods_view.php?goodsNo=1000002273,새 상품,99000 KRW,재고 있음,http://dongin2xu.godohosting.com//goods/21/01/02/1000002273/1000002273_main_030.jpg
51857891XUM5351WHT,리버설 반팔 폴로셔츠,,https://www.2xu.kr/goods/goods_view.php?goodsNo=1000002272,새 상품,99000 KRW,재고 있음,http://dongin2xu.godohosting.com//goods/21/01/02/1000002272/1000002272_main_0100.jpg
51832561XUM5351NVY,리버설 반팔 폴로셔츠,,https://www.2xu.kr/goods/goods_view.php?goodsNo=1000002271,새 상품,99000 KRW,재고 있음,http://dongin2xu.godohosting.com//goods/21/01/02/1000002271/1000002271_main_030.jpg
51802491XUM5352WHT,X 암 반팔 폴로셔츠,,https://www.2xu.kr/goods/goods_view.php?goodsNo=1000002270,새 상품,99000 KRW,재고 있음,http://dongin2xu.godohosting.com//goods/21/01/02/1000002270/1000002270_main_034.jpg
51775481XUM5352NVY,X 암 반팔 폴로셔츠,,https://www.2xu.kr/goods/goods_view.php?goodsNo=1000002269,새 상품,99000 KRW,재고 있음,http://dongin2xu.godohosting.com//goods/21/01/02/1000002269/1000002269_main_053.jpg
5148941XUM9250WHT,심리스 탱크탑,,https://www.2xu.kr/goods/goods_view.php?goodsNo=1000002260,새 상품,79000 KRW,재고 있음,http://dongin2xu.godohosting.com//goods/21/01/02/1000002260/1000002260_main_099.jpg
51453411XUM9250FGN,심리스 탱크탑,,https://www.2xu.kr/goods/goods_view.php?goodsNo=1000002259,새 상품,79000 KRW,재고 있음,http://dongin2xu.godohosting.com//goods/21/01/02/1000002259/1000002259_main_021.jpg
51416961XUM9252RED,엠보 프린트 탱크 탑,,https://www.2xu.kr/goods/goods_view.php?goodsNo=1000002258,새 상품,89000 KRW,재고 있음,http://dongin2xu.godohosting.com//goods/21/01/02/1000002258/1000002258_main_010.jpg
51388651XUM9252BLK,엠보 프린트 탱크 탑,,https://www.2xu.kr/goods/goods_view.php?goodsNo=1000002257,새 상품,89000 KRW,재고 있음,http://dongin2xu.godohosting.com//goods/21/01/02/1000002257/1000002257_main_0100.jpg
51345021XUG1412NVY,호리즌털 블락 자켓,,https://www.2xu.kr/goods/goods_view.php?goodsNo=1000002256,새 상품,95600 KRW,재고 있음,http://dongin2xu.godohosting.com//goods/21/01/02/1000002256/1000002256_main_020.jpg
51291151XUG1412BLK,호리즌털 블락 자켓,,https://www.2xu.kr/goods/goods_view.php?goodsNo=1000002255,새 상품,95600 KRW,재고 있음,http://dongin2xu.godohosting.com//goods/21/01/02/1000002255/1000002255_main_066.jpg
51193481XUG1410RBL,펀치드 지오메트릭 자켓,,https://www.2xu.kr/goods/goods_view.php?goodsNo=1000002254,새 상품,103600 KRW,재고 있음,http://dongin2xu.godohosting.com//goods/21/01/02/1000002254/1000002254_main_064.jpg
51164041XUG1410BUD,펀치드 지오메트릭 자켓,,https://www.2xu.kr/goods/goods_view.php?goodsNo=1000002253,새 상품,103600 KRW,재고 있음,http://dongin2xu.godohosting.com//goods/21/01/02/1000002253/1000002253_main_063.jpg
5110361XUW1052KHA,여성 루이스 구스 다운 점퍼,,https://www.2xu.kr/goods/goods_view.php?goodsNo=1000002252,새 상품,159600 KRW,재고 있음,http://dongin2xu.godohosting.com//goods/21/01/02/1000002252/1000002252_main_018.jpg
51064791XUW1052DMG,여성 루이스 구스 다운 점퍼,,https://www.2xu.kr/goods/goods_view.php?goodsNo=1000002251,새 상품,159600 KRW,재고 있음,http://dongin2xu.godohosting.com//goods/21/01/02/1000002251/1000002251_main_026.jpg
51033491XUW1012NVY,데이브 구스 다운 점퍼,,https://www.2xu.kr/goods/goods_view.php?goodsNo=1000002250,새 상품,399000 KRW,재고 있음,http://dongin2xu.godohosting.com//goods/21/01/02/1000002250/1000002250_main_06.jpg
5100131XUW1012DMG,데이브 구스 다운 점퍼,,https://www.2xu.kr/goods/goods_view.php?goodsNo=1000002249,새 상품,159600 KRW,재고 있음,http://dongin2xu.godohosting.com//goods/21/01/02/1000002249/1000002249_main_093.jpg
50961751XUW1013BLK,패트릭 구스 다운 점퍼,,https://www.2xu.kr/goods/goods_view.php?goodsNo=1000002248,새 상품,459000 KRW,재고 있음,http://dongin2xu.godohosting.com//goods/21/01/02/1000002248/1000002248_main_063.jpg
50932521XUW1013GRY,패트릭 구스 다운 점퍼,,https://www.2xu.kr/goods/goods_view.php?goodsNo=1000002247,새 상품,183600 KRW,재고 있음,http://dongin2xu.godohosting.com//goods/21/01/02/1000002247/1000002247_main_085.jpg
50798071XUW1054LPK,여성 코즈멜 구스 다운 점퍼,,https://www.2xu.kr/goods/goods_view.php?goodsNo=1000002246,새 상품,199600 KRW,재고 있음,http://dongin2xu.godohosting.com//goods/21/01/02/1000002246/1000002246_main_089.jpg
50771591XUW1054BLK,여성 코즈멜 구스 다운 점퍼,,https://www.2xu.kr/goods/goods_view.php?goodsNo=1000002245,새 상품,199600 KRW,재고 있음,http://dongin2xu.godohosting.com//goods/21/01/02/1000002245/1000002245_main_091.jpg
50731711XUM7061FGN,펀치드 벤트 3부 쇼츠,,https://www.2xu.kr/goods/goods_view.php?goodsNo=1000002244,새 상품,99000 KRW,재고 있음,http://dongin2xu.godohosting.com//goods/21/01/02/1000002244/1000002244_main_073.jpg
50670441XUM7061RED,펀치드 벤트 3부 쇼츠,,https://www.2xu.kr/goods/goods_view.php?goodsNo=1000002243,새 상품,99000 KRW,재고 있음,http://dongin2xu.godohosting.com//goods/21/01/02/1000002243/1000002243_main_044.jpg
50645151XUM7061BLK,펀치드 벤트 3부 쇼츠,,https://www.2xu.kr/goods/goods_view.php?goodsNo=1000002242,새 상품,99000 KRW,재고 있음,http://dongin2xu.godohosting.com//goods/21/01/02/1000002242/1000002242_main_019.jpg
50585381XUM7060BUD,"2 in 1 3"" 쇼츠",,https://www.2xu.kr/goods/goods_view.php?goodsNo=1000002241,새 상품,109000 KRW,재고 있음,http://dongin2xu.godohosting.com//goods/21/01/02/1000002241/1000002241_main_058.jpg
50544571XUM7060BLK,"2 in 1 3"" 쇼츠",,https://www.2xu.kr/goods/goods_view.php?goodsNo=1000002240,새 상품,109000 KRW,재고 있음,http://dongin2xu.godohosting.com//goods/21/01/02/1000002240/1000002240_main_028.jpg
49734271XUM7024LGY,X 패치 쇼츠,,https://www.2xu.kr/goods/goods_view.php?goodsNo=1000002239,새 상품,99000 KRW,재고 있음,http://dongin2xu.godohosting.com//goods/21/01/02/1000002239/1000002239_main_072.jpg
49708551XUM7024BLK,X 패치 쇼츠,,https://www.2xu.kr/goods/goods_view.php?goodsNo=1000002238,새 상품,99000 KRW,재고 있음,http://dongin2xu.godohosting.com//goods/21/01/02/1000002238/1000002238_main_075.jpg
49664871XUM7022NVY,"X 디바이스 9"" 쇼츠",,https://www.2xu.kr/goods/goods_view.php?goodsNo=1000002237,새 상품,109000 KRW,재고 있음,http://dongin2xu.godohosting.com//goods/21/01/02/1000002237/1000002237_main_05.jpg
4963931XUM7022BLK,"X 디바이스 9"" 쇼츠",,https://www.2xu.kr/goods/goods_view.php?goodsNo=1000002236,새 상품,109000 KRW,재고 있음,http://dongin2xu.godohosting.com//goods/21/01/02/1000002236/1000002236_main_025.jpg
49601791XUM7021RBL,"펀치드 벤트 7"" 쇼츠",,https://www.2xu.kr/goods/goods_view.php?goodsNo=1000002235,새 상품,99000 KRW,재고 있음,http://dongin2xu.godohosting.com//goods/21/01/02/1000002235/1000002235_main_027.jpg
49567451XUM7021BLK,"펀치드 벤트 7"" 쇼츠",,https://www.2xu.kr/goods/goods_view.php?goodsNo=1000002234,새 상품,99000 KRW,재고 있음,http://dongin2xu.godohosting.com//goods/21/01/02/1000002234/1000002234_main_039.jpg
48096211XUG7120LGY,엑스 패치 팬츠,,https://www.2xu.kr/goods/goods_view.php?goodsNo=1000002215,새 상품,51600 KRW,재고 있음,http://dongin2xu.godohosting.com//goods/21/01/02/1000002215/1000002215_main_099.jpg
48067441XUG7120BLK,엑스 패치 팬츠,,https://www.2xu.kr/goods/goods_view.php?goodsNo=1000002214,새 상품,51600 KRW,재고 있음,http://dongin2xu.godohosting.com//goods/21/01/02/1000002214/1000002214_main_08.jpg
48000121XUM7020RBL,엑스 웨이스트 7부 쇼츠,,https://www.2xu.kr/goods/goods_view.php?goodsNo=1000002213,새 상품,99000 KRW,재고 있음,http://dongin2xu.godohosting.com//goods/21/01/02/1000002213/1000002213_main_050.jpg
47929771XUM7020RED,엑스 웨이스트 7부 쇼츠,,https://www.2xu.kr/goods/goods_view.php?goodsNo=1000002212,새 상품,99000 KRW,재고 있음,http://dongin2xu.godohosting.com//goods/21/01/02/1000002212/1000002212_main_094.jpg
47902181XUM7020DMG,엑스 웨이스트 7부 쇼츠,,https://www.2xu.kr/goods/goods_view.php?goodsNo=1000002211,새 상품,99000 KRW,재고 있음,http://dongin2xu.godohosting.com//goods/21/01/02/1000002211/1000002211_main_045.jpg
4785151XUW1724DMG,볼드 X 팬츠,,https://www.2xu.kr/goods/goods_view.php?goodsNo=1000002210,새 상품,139000 KRW,재고 있음,http://dongin2xu.godohosting.com//goods/21/01/02/1000002210/1000002210_main_041.jpg
47826131XUW1724DKH,볼드 X 팬츠,,https://www.2xu.kr/goods/goods_view.php?goodsNo=1000002209,새 상품,139000 KRW,재고 있음,http://dongin2xu.godohosting.com//goods/21/01/02/1000002209/1000002209_main_07.jpg
47799161XUW1722MMG,다이애고널 팬츠,,https://www.2xu.kr/goods/goods_view.php?goodsNo=1000002208,새 상품,139000 KRW,재고 있음,http://dongin2xu.godohosting.com//goods/21/01/02/1000002208/1000002208_main_084.jpg
47587951XUG1452BLK,리플렉티브 스트라이프 자켓,,https://www.2xu.kr/goods/goods_view.php?goodsNo=1000002207,새 상품,95600 KRW,재고 있음,http://dongin2xu.godohosting.com//goods/21/01/02/1000002207/1000002207_main_069.jpg
4754761XUG1451WHT,호리즌털 블락 자켓,,https://www.2xu.kr/goods/goods_view.php?goodsNo=1000002206,새 상품,95600 KRW,재고 있음,http://dongin2xu.godohosting.com//goods/21/01/02/1000002206/1000002206_main_059.jpg
47512831XUG1451DGY,호리즌털 블락 자켓,,https://www.2xu.kr/goods/goods_view.php?goodsNo=1000002205,새 상품,95600 KRW,재고 있음,http://dongin2xu.godohosting.com//goods/21/01/02/1000002205/1000002205_main_031.jpg
4747531XUG1450WHT,펀치드 하이브리드 자켓,,https://www.2xu.kr/goods/goods_view.php?goodsNo=1000002204,새 상품,95600 KRW,재고 있음,http://dongin2xu.godohosting.com//goods/21/01/02/1000002204/1000002204_main_057.jpg
47443681XUG1450FGN,펀치드 하이브리드 자켓,,https://www.2xu.kr/goods/goods_view.php?goodsNo=1000002203,새 상품,95600 KRW,재고 있음,http://dongin2xu.godohosting.com//goods/21/01/02/1000002203/1000002203_main_067.jpg
XUWS710BRW,남성 클래식스 보온 덕다운 패딩자켓 XUWS710BRW,,https://www.2xu.kr/goods/goods_view.php?goodsNo=1000002202,새 상품,299000 KRW,재고 있음,http://dongin2xu.godohosting.com//goods/21/01/02/1000002202/1000002202_main_028.jpg
XUWS710BLK,남성 클래식스 보온 덕다운 패딩자켓 XUWS710BLK,,https://www.2xu.kr/goods/goods_view.php?goodsNo=1000002201,새 상품,299000 KRW,재고 있음,http://dongin2xu.godohosting.com//goods/21/01/02/1000002201/1000002201_main_031.jpg
XUM5311WHT,HPM 백 패널 반팔 폴로셔츠,,https://www.2xu.kr/goods/goods_view.php?goodsNo=1000002195,새 상품,39600 KRW,재고 있음,http://dongin2xu.godohosting.com//goods/21/01/02/1000002195/1000002195_main_077.jpg
XUM5311NVY,HPM 백 패널 반팔 폴로셔츠,,https://www.2xu.kr/goods/goods_view.php?goodsNo=1000002194,새 상품,39600 KRW,재고 있음,http://dongin2xu.godohosting.com//goods/21/01/02/1000002194/1000002194_main_047.jpg
XUM5117WHT,로고 엘레멘트 반팔 티셔츠,,https://www.2xu.kr/goods/goods_view.php?goodsNo=1000002179,새 상품,35600 KRW,재고 있음,http://dongin2xu.godohosting.com//goods/21/01/02/1000002179/1000002179_main_01.jpg
XUM5117RBL,로고 엘레멘트 반팔 티셔츠,,https://www.2xu.kr/goods/goods_view.php?goodsNo=1000002178,새 상품,35600 KRW,재고 있음,http://dongin2xu.godohosting.com//goods/21/01/02/1000002178/1000002178_main_060.jpg
XUG3110DMG,버티컬 라운드넥 긴팔 티셔츠,,https://www.2xu.kr/goods/goods_view.php?goodsNo=1000002175,새 상품,31600 KRW,재고 있음,http://dongin2xu.godohosting.com//goods/21/01/02/1000002175/1000002175_main_028.jpg
XUG3110BLK,버티컬 라운드넥 긴팔 티셔츠,,https://www.2xu.kr/goods/goods_view.php?goodsNo=1000002174,새 상품,31600 KRW,재고 있음,http://dongin2xu.godohosting.com//goods/21/01/02/1000002174/1000002174_main_032.jpg
XUG1610WHT,X 펀칭 자켓,,https://www.2xu.kr/goods/goods_view.php?goodsNo=1000002171,새 상품,95600 KRW,재고 있음,http://dongin2xu.godohosting.com//goods/21/01/02/1000002171/1000002171_main_024.jpg
XUG1610BLK,X 펀칭 자켓,,https://www.2xu.kr/goods/goods_view.php?goodsNo=1000002170,새 상품,95600 KRW,재고 있음,http://dongin2xu.godohosting.com//goods/21/01/02/1000002170/1000002170_main_027.jpg
XUM5115RED,스트라이프 X 반팔 티셔츠,,https://www.2xu.kr/goods/goods_view.php?goodsNo=1000002169,새 상품,35600 KRW,재고 있음,http://dongin2xu.godohosting.com//goods/21/01/02/1000002169/1000002169_main_011.jpg
XUM5115DMG,스트라이프 X 반팔 티셔츠,,https://www.2xu.kr/goods/goods_view.php?goodsNo=1000002168,새 상품,35600 KRW,재고 있음,http://dongin2xu.godohosting.com//goods/21/01/02/1000002168/1000002168_main_08.jpg
XUM5114WHT,디비전 반팔 티셔츠,,https://www.2xu.kr/goods/goods_view.php?goodsNo=1000002167,새 상품,31600 KRW,재고 있음,http://dongin2xu.godohosting.com//goods/21/01/02/1000002167/1000002167_main_034.jpg
XUM5114BLK,디비전 반팔 티셔츠,,https://www.2xu.kr/goods/goods_view.php?goodsNo=1000002166,새 상품,31600 KRW,재고 있음,http://dongin2xu.godohosting.com//goods/21/01/02/1000002166/1000002166_main_051.jpg
XUM5010NVY,X 디바이스 민소매,,https://www.2xu.kr/goods/goods_view.php?goodsNo=1000002161,새 상품,23600 KRW,재고 있음,http://dongin2xu.godohosting.com//goods/21/01/02/1000002161/1000002161_main_084.jpg
XUM5010BUD,X 디바이스 민소매,,https://www.2xu.kr/goods/goods_view.php?goodsNo=1000002160,새 상품,23600 KRW,재고 있음,http://dongin2xu.godohosting.com//goods/21/01/02/1000002160/1000002160_main_022.jpg
XUM5112WHT,웰딩 라인 반팔 티셔츠,,https://www.2xu.kr/goods/goods_view.php?goodsNo=1000002159,새 상품,23600 KRW,재고 있음,http://dongin2xu.godohosting.com//goods/21/01/02/1000002159/1000002159_main_088.jpg
XUM5112FGN,웰딩 라인 반팔 티셔츠,,https://www.2xu.kr/goods/goods_view.php?goodsNo=1000002158,새 상품,23600 KRW,재고 있음,http://dongin2xu.godohosting.com//goods/21/01/02/1000002158/1000002158_main_089.jpg
XUG3410BUD,X 디바이슨 1/4 집업,,https://www.2xu.kr/goods/goods_view.php?goodsNo=1000002155,새 상품,43600 KRW,재고 있음,http://dongin2xu.godohosting.com//goods/21/01/02/1000002155/1000002155_main_028.jpg
XUG3410BLK,X 디바이슨 1/4 집업,,https://www.2xu.kr/goods/goods_view.php?goodsNo=1000002154,새 상품,43600 KRW,재고 있음,http://dongin2xu.godohosting.com//goods/21/01/02/1000002154/1000002154_main_044.jpg
XUG3310WHT,클래시 긴팔 폴로셔츠,,https://www.2xu.kr/goods/goods_view.php?goodsNo=1000002151,새 상품,47600 KRW,재고 있음,http://dongin2xu.godohosting.com//goods/21/01/02/1000002151/1000002151_main_046.jpg
XUG3310BLK,클래시 긴팔 폴로셔츠,,https://www.2xu.kr/goods/goods_view.php?goodsNo=1000002150,새 상품,47600 KRW,재고 있음,http://dongin2xu.godohosting.com//goods/21/01/02/1000002150/1000002150_main_063.jpg
XUG1612NVY,엑스 후디 자켓,,https://www.2xu.kr/goods/goods_view.php?goodsNo=1000002131,새 상품,67600 KRW,재고 있음,http://dongin2xu.godohosting.com//goods/21/01/02/1000002131/1000002131_main_089.jpg
XUG1612LGY,엑스 후디 자켓,,https://www.2xu.kr/goods/goods_view.php?goodsNo=1000002130,새 상품,67600 KRW,재고 있음,http://dongin2xu.godohosting.com//goods/21/01/02/1000002130/1000002130_main_06.jpg
XUG1611WHT,밴디드 후드 자켓,,https://www.2xu.kr/goods/goods_view.php?goodsNo=1000002129,새 상품,67600 KRW,재고 있음,http://dongin2xu.godohosting.com//goods/21/01/02/1000002129/1000002129_main_057.jpg
XUG1611DMG,밴디드 후드 자켓,,https://www.2xu.kr/goods/goods_view.php?goodsNo=1000002128,새 상품,67600 KRW,재고 있음,http://dongin2xu.godohosting.com//goods/21/01/02/1000002128/1000002128_main_045.jpg
X0MM17041MLG,데이아웃 트레이닝 쇼츠,,https://www.2xu.kr/goods/goods_view.php?goodsNo=1000002122,새 상품,62300 KRW,재고 있음,http://dongin2xu.godohosting.com//goods/20/12/52/1000002122/1000002122_main_021.JPG
X0MM17041LBE,데이아웃 트레이닝 쇼츠,,https://www.2xu.kr/goods/goods_view.php?goodsNo=1000002121,새 상품,62300 KRW,재고 있음,http://dongin2xu.godohosting.com//goods/20/12/52/1000002121/1000002121_main_072.jpg
X0MM17041BLK,데이아웃 트레이닝 쇼츠,,https://www.2xu.kr/goods/goods_view.php?goodsNo=1000002120,새 상품,62300 KRW,재고 있음,http://dongin2xu.godohosting.com//goods/20/12/52/1000002120/1000002120_main_081.jpg
X0MM17032DGY,샌토 트레인 나인,,https://www.2xu.kr/goods/goods_view.php?goodsNo=1000002119,새 상품,62300 KRW,재고 있음,http://dongin2xu.godohosting.com//goods/20/12/52/1000002119/1000002119_main_085.jpg
X0MM17032BLK,샌토 트레인 나인,,https://www.2xu.kr/goods/goods_view.php?goodsNo=1000002118,새 상품,62300 KRW,재고 있음,http://dongin2xu.godohosting.com//goods/20/12/52/1000002118/1000002118_main_035.jpg
X0MM17021KHA,하바나 엑티브 쇼츠,,https://www.2xu.kr/goods/goods_view.php?goodsNo=1000002117,새 상품,90300 KRW,재고 있음,http://dongin2xu.godohosting.com//goods/20/12/52/1000002117/1000002117_main_071.jpg
X0MM17021BLK,하바나 엑티브 쇼츠,,https://www.2xu.kr/goods/goods_view.php?goodsNo=1000002116,새 상품,90300 KRW,재고 있음,http://dongin2xu.godohosting.com//goods/20/12/52/1000002116/1000002116_main_06.jpg
X0MM17015ORG,코어 런 쇼츠,,https://www.2xu.kr/goods/goods_view.php?goodsNo=1000002115,새 상품,41300 KRW,재고 있음,http://dongin2xu.godohosting.com//goods/20/12/52/1000002115/1000002115_main_048.jpg
X0MM17015LGY,코어 런 쇼츠,,https://www.2xu.kr/goods/goods_view.php?goodsNo=1000002114,새 상품,41300 KRW,재고 있음,http://dongin2xu.godohosting.com//goods/20/12/52/1000002114/1000002114_main_058.jpg
X0MM17015BLK,코어 런 쇼츠,,https://www.2xu.kr/goods/goods_view.php?goodsNo=1000002113,새 상품,41300 KRW,재고 있음,http://dongin2xu.godohosting.com//goods/20/12/52/1000002113/1000002113_main_070.jpg
X0MM17015BEG,코어 런 쇼츠,,https://www.2xu.kr/goods/goods_view.php?goodsNo=1000002112,새 상품,41300 KRW,재고 있음,http://dongin2xu.godohosting.com//goods/20/12/52/1000002112/1000002112_main_074.jpg
X0MM17014RBL,"GHST 3"" 쇼츠",,https://www.2xu.kr/goods/goods_view.php?goodsNo=1000002111,새 상품,69300 KRW,재고 있음,http://dongin2xu.godohosting.com//goods/20/12/52/1000002111/1000002111_main_055.jpg
X0MM17014BLK,"GHST 3"" 쇼츠",,https://www.2xu.kr/goods/goods_view.php?goodsNo=1000002110,새 상품,69300 KRW,재고 있음,http://dongin2xu.godohosting.com//goods/20/12/52/1000002110/1000002110_main_053.jpg
X0MM17002WHT,트렌짓 콜라보 트레이닝 쇼츠,,https://www.2xu.kr/goods/goods_view.php?goodsNo=1000002109,새 상품,62300 KRW,재고 있음,http://dongin2xu.godohosting.com//goods/20/12/52/1000002109/1000002109_main_071.jpg
X0MM17002BLK,트렌짓 콜라보 트레이닝 쇼츠,,https://www.2xu.kr/goods/goods_view.php?goodsNo=1000002108,새 상품,62300 KRW,재고 있음,http://dongin2xu.godohosting.com//goods/20/12/52/1000002108/1000002108_main_016.jpg
X0MM17001LKH,트렌싯 콜랩 스트레치 쇼츠,,https://www.2xu.kr/goods/goods_view.php?goodsNo=1000002107,새 상품,62300 KRW,재고 있음,http://dongin2xu.godohosting.com//goods/20/12/52/1000002107/1000002107_main_021.jpg
X0MM17001BLK,트렌싯 콜랩 스트레치 쇼츠,,https://www.2xu.kr/goods/goods_view.php?goodsNo=1000002106,새 상품,62300 KRW,재고 있음,http://dongin2xu.godohosting.com//goods/20/12/52/1000002106/1000002106_main_039.jpg
X0MU11732LGY,얼티밋 트레이닝 팬츠,,https://www.2xu.kr/goods/goods_view.php?goodsNo=1000002098,새 상품,76300 KRW,재고 있음,http://dongin2xu.godohosting.com//goods/20/12/52/1000002098/1000002098_main_020.jpg
X0MU11732KHA,얼티밋 트레이닝 팬츠,,https://www.2xu.kr/goods/goods_view.php?goodsNo=1000002097,새 상품,76300 KRW,재고 있음,http://dongin2xu.godohosting.com//goods/20/12/52/1000002097/1000002097_main_014.jpg
X0MU11732BLK,얼티밋 트레이닝 팬츠,,https://www.2xu.kr/goods/goods_view.php?goodsNo=1000002096,새 상품,76300 KRW,재고 없음,http://dongin2xu.godohosting.com//goods/20/12/52/1000002096/1000002096_main_056.jpg
X0MM11741MLG,아쿠바 엑스트라 트레이닝 쇼츠,,https://www.2xu.kr/goods/goods_view.php?goodsNo=1000002095,새 상품,62300 KRW,재고 있음,http://dongin2xu.godohosting.com//goods/20/12/52/1000002095/1000002095_main_062.jpg
X0MM11741BLK,아쿠바 엑스트라 트레이닝 쇼츠,,https://www.2xu.kr/goods/goods_view.php?goodsNo=1000002094,새 상품,62300 KRW,재고 있음,http://dongin2xu.godohosting.com//goods/20/12/52/1000002094/1000002094_main_074.jpg
X0MM11731RBL,니프로 트리콧 트레이닝 팬츠,,https://www.2xu.kr/goods/goods_view.php?goodsNo=1000002093,새 상품,90300 KRW,재고 있음,http://dongin2xu.godohosting.com//goods/20/12/52/1000002093/1000002093_main_022.jpg
X0MM11731BLK,니프로 트리콧 트레이닝 팬츠,,https://www.2xu.kr/goods/goods_view.php?goodsNo=1000002092,새 상품,90300 KRW,재고 있음,http://dongin2xu.godohosting.com//goods/20/12/52/1000002092/1000002092_main_08.jpg
X0MM11712BLK,에어로 엑스 트레이닝 팬츠,,https://www.2xu.kr/goods/goods_view.php?goodsNo=1000002091,새 상품,90300 KRW,재고 없음,http://dongin2xu.godohosting.com//goods/20/12/52/1000002091/1000002091_main_024.jpg
X0MM11712BEG,에어로 엑스 트레이닝 팬츠,,https://www.2xu.kr/goods/goods_view.php?goodsNo=1000002090,새 상품,90300 KRW,재고 있음,http://dongin2xu.godohosting.com//goods/20/12/52/1000002090/1000002090_main_054.jpg
X0MM11703BLK,트리콧 콜랩 트레이닝 팬츠,,https://www.2xu.kr/goods/goods_view.php?goodsNo=1000002089,새 상품,97300 KRW,재고 있음,http://dongin2xu.godohosting.com//goods/20/12/52/1000002089/1000002089_main_089.jpg
X0MU11413LGY,에어로 엑스 런 자켓,,https://www.2xu.kr/goods/goods_view.php?goodsNo=1000002085,새 상품,139300 KRW,재고 있음,http://dongin2xu.godohosting.com//goods/20/12/52/1000002085/1000002085_main_055.jpg
X0MU11413BLK,에어로 엑스 런 자켓,,https://www.2xu.kr/goods/goods_view.php?goodsNo=1000002084,새 상품,139300 KRW,재고 있음,http://dongin2xu.godohosting.com//goods/20/12/52/1000002084/1000002084_main_046.jpg
X0MM11612BLK,에어로 엑스 트레이닝 자켓,,https://www.2xu.kr/goods/goods_view.php?goodsNo=1000002083,새 상품,125300 KRW,재고 없음,http://dongin2xu.godohosting.com//goods/20/12/52/1000002083/1000002083_main_091.jpg
X0MM11414RBL,GHST 초경량 런 자켓,,https://www.2xu.kr/goods/goods_view.php?goodsNo=1000002082,새 상품,153300 KRW,재고 있음,http://dongin2xu.godohosting.com//goods/20/12/52/1000002082/1000002082_main_092.jpg
X0MM11414BLK,GHST 초경량 런 자켓,,https://www.2xu.kr/goods/goods_view.php?goodsNo=1000002081,새 상품,153300 KRW,재고 있음,http://dongin2xu.godohosting.com//goods/20/12/52/1000002081/1000002081_main_079.jpg
X0MM11401BLK,트렌짓 콜라보 스트레치 자켓,,https://www.2xu.kr/goods/goods_view.php?goodsNo=1000002080,새 상품,167300 KRW,재고 있음,http://dongin2xu.godohosting.com//goods/20/12/52/1000002080/1000002080_main_021.jpg
X0MU15144WHT,칼마르 세퍼릿 티,,https://www.2xu.kr/goods/goods_view.php?goodsNo=1000002073,새 상품,48300 KRW,재고 없음,http://dongin2xu.godohosting.com//goods/20/12/52/1000002073/1000002073_main_097.jpg
X0MU15144BLK,칼마르 세퍼릿 티,,https://www.2xu.kr/goods/goods_view.php?goodsNo=1000002072,새 상품,48300 KRW,재고 있음,http://dongin2xu.godohosting.com//goods/20/12/52/1000002072/1000002072_main_03.jpg
X0MU15142YEL,빅로고 반팔티,,https://www.2xu.kr/goods/goods_view.php?goodsNo=1000002071,새 상품,41300 KRW,재고 있음,http://dongin2xu.godohosting.com//goods/20/12/52/1000002071/1000002071_main_08.jpg
X0MU15142BLK,빅로고 반팔티,,https://www.2xu.kr/goods/goods_view.php?goodsNo=1000002070,새 상품,41300 KRW,재고 있음,http://dongin2xu.godohosting.com//goods/20/12/52/1000002070/1000002070_main_016.jpg
X0MU15142BEG,빅로고 반팔티,,https://www.2xu.kr/goods/goods_view.php?goodsNo=1000002069,새 상품,41300 KRW,재고 있음,http://dongin2xu.godohosting.com//goods/20/12/52/1000002069/1000002069_main_022.jpg
X0MU15133ORG,트레이닝 반팔티,,https://www.2xu.kr/goods/goods_view.php?goodsNo=1000002068,새 상품,41300 KRW,재고 있음,http://dongin2xu.godohosting.com//goods/20/12/52/1000002068/1000002068_main_073.jpg
X0MU15133LGY,트레이닝 반팔티,,https://www.2xu.kr/goods/goods_view.php?goodsNo=1000002067,새 상품,41300 KRW,재고 있음,http://dongin2xu.godohosting.com//goods/20/12/52/1000002067/1000002067_main_090.jpg
X0MU15133BLK,트레이닝 반팔티,,https://www.2xu.kr/goods/goods_view.php?goodsNo=1000002066,새 상품,41300 KRW,재고 있음,http://dongin2xu.godohosting.com//goods/20/12/52/1000002066/1000002066_main_026.jpg
X0MU15131WHT,부에노 엑스 그래픽 티,,https://www.2xu.kr/goods/goods_view.php?goodsNo=1000002065,새 상품,48300 KRW,재고 있음,http://dongin2xu.godohosting.com//goods/20/12/52/1000002065/1000002065_main_018.jpg
X0MU15121WHT,코어 빅 로고 티,,https://www.2xu.kr/goods/goods_view.php?goodsNo=1000002064,새 상품,34300 KRW,재고 있음,http://dongin2xu.godohosting.com//goods/20/12/52/1000002064/1000002064_main_099.jpg
X0MU15121RBL,코어 빅 로고 티,,https://www.2xu.kr/goods/goods_view.php?goodsNo=1000002063,새 상품,34300 KRW,재고 있음,http://dongin2xu.godohosting.com//goods/20/12/52/1000002063/1000002063_main_05.jpg
X0MU15121BLK,코어 빅 로고 티,,https://www.2xu.kr/goods/goods_view.php?goodsNo=1000002062,새 상품,34300 KRW,재고 있음,http://dongin2xu.godohosting.com//goods/20/12/52/1000002062/1000002062_main_032.jpg
X0MU15118LKH,에어로 엑스 런 티,,https://www.2xu.kr/goods/goods_view.php?goodsNo=1000002061,새 상품,55300 KRW,재고 있음,http://dongin2xu.godohosting.com//goods/20/12/52/1000002061/1000002061_main_026.jpg
X0MU15118BLK,에어로 엑스 런 티,,https://www.2xu.kr/goods/goods_view.php?goodsNo=1000002060,새 상품,55300 KRW,재고 있음,http://dongin2xu.godohosting.com//goods/20/12/52/1000002060/1000002060_main_033.jpg
X0MU15117WHT,코어 2팩(민소매+반팔티),,https://www.2xu.kr/goods/goods_view.php?goodsNo=1000002059,새 상품,34930 KRW,재고 있음,http://dongin2xu.godohosting.com//goods/20/12/52/1000002059/1000002059_main_068.jpg
X0MU15117GRY,코어 2팩(민소매+반팔티),,https://www.2xu.kr/goods/goods_view.php?goodsNo=1000002058,새 상품,34930 KRW,재고 있음,http://dongin2xu.godohosting.com//goods/20/12/52/1000002058/1000002058_main_072.jpg
X0MU15117BLK,코어 2팩(민소매+반팔티),,https://www.2xu.kr/goods/goods_view.php?goodsNo=1000002057,새 상품,34930 KRW,재고 있음,http://dongin2xu.godohosting.com//goods/20/12/52/1000002057/1000002057_main_084.jpg
X0MU15116WHT,에어로 메쉬 티,,https://www.2xu.kr/goods/goods_view.php?goodsNo=1000002056,새 상품,41300 KRW,재고 있음,http://dongin2xu.godohosting.com//goods/20/12/52/1000002056/1000002056_main_062.jpg
X0MU15116BLK,에어로 메쉬 티,,https://www.2xu.kr/goods/goods_view.php?goodsNo=1000002055,새 상품,41300 KRW,재고 있음,http://dongin2xu.godohosting.com//goods/20/12/52/1000002055/1000002055_main_042.jpg
X0MU15114LGY,에어로 라파스 런 티,,https://www.2xu.kr/goods/goods_view.php?goodsNo=1000002054,새 상품,48300 KRW,재고 있음,http://dongin2xu.godohosting.com//goods/20/12/52/1000002054/1000002054_main_085.jpg
X0MU15114LBE,에어로 라파스 런 티,,https://www.2xu.kr/goods/goods_view.php?goodsNo=1000002053,새 상품,48300 KRW,재고 있음,http://dongin2xu.godohosting.com//goods/20/12/52/1000002053/1000002053_main_084.jpg
X0MU15113WHT,에어로 트라이자 런 티,,https://www.2xu.kr/goods/goods_view.php?goodsNo=1000002052,새 상품,48300 KRW,재고 있음,http://dongin2xu.godohosting.com//goods/20/12/52/1000002052/1000002052_main_021.jpg
X0MU15113BLK,에어로 트라이자 런 티,,https://www.2xu.kr/goods/goods_view.php?goodsNo=1000002051,새 상품,48300 KRW,재고 있음,http://dongin2xu.godohosting.com//goods/20/12/52/1000002051/1000002051_main_067.jpg
0MU15104YEL,다카르 콜랩 오버사이즈 티,,https://www.2xu.kr/goods/goods_view.php?goodsNo=1000002050,새 상품,48300 KRW,재고 있음,http://dongin2xu.godohosting.com//goods/20/12/52/1000002050/1000002050_main_02.jpg
X0MU15104RED,다카르 콜랩 오버사이즈 티,,https://www.2xu.kr/goods/goods_view.php?goodsNo=1000002049,새 상품,48300 KRW,재고 있음,http://dongin2xu.godohosting.com//goods/20/12/52/1000002049/1000002049_main_023.jpg
X0MU15104RBL,다카르 콜랩 오버사이즈 티,,https://www.2xu.kr/goods/goods_view.php?goodsNo=1000002048,새 상품,48300 KRW,재고 있음,http://dongin2xu.godohosting.com//goods/20/12/52/1000002048/1000002048_main_044.jpg
X0MU15103WHT,트렌싯 콜랩 로고 티,,https://www.2xu.kr/goods/goods_view.php?goodsNo=1000002047,새 상품,48300 KRW,재고 있음,http://dongin2xu.godohosting.com//goods/20/12/52/1000002047/1000002047_main_068.jpg
X0MU15103BLK,트렌싯 콜랩 로고 티,,https://www.2xu.kr/goods/goods_view.php?goodsNo=1000002046,새 상품,48300 KRW,재고 있음,http://dongin2xu.godohosting.com//goods/20/12/52/1000002046/1000002046_main_04.jpg
X0MU15102LGY,프레더 콜랩 WR 티셔츠,,https://www.2xu.kr/goods/goods_view.php?goodsNo=1000002045,새 상품,55300 KRW,재고 있음,http://dongin2xu.godohosting.com//goods/20/12/52/1000002045/1000002045_main_055.jpg
X0MU15102BLK,프레더 콜랩 WR 티셔츠,,https://www.2xu.kr/goods/goods_view.php?goodsNo=1000002044,새 상품,55300 KRW,재고 있음,http://dongin2xu.godohosting.com//goods/20/12/52/1000002044/1000002044_main_054.jpg
X0MU15101WHT,트렌싯 콜랩 WR 티셔츠,,https://www.2xu.kr/goods/goods_view.php?goodsNo=1000002043,새 상품,55300 KRW,재고 있음,http://dongin2xu.godohosting.com//goods/20/12/52/1000002043/1000002043_main_071.jpg
X0MU15101BLK,트렌싯 콜랩 WR 티셔츠,,https://www.2xu.kr/goods/goods_view.php?goodsNo=1000002042,새 상품,55300 KRW,재고 있음,http://dongin2xu.godohosting.com//goods/20/12/52/1000002042/1000002042_main_040.jpg
X0MM15143WHT,칼마 엑스트라 세퍼레잇 빅가이핏 티,,https://www.2xu.kr/goods/goods_view.php?goodsNo=1000002041,새 상품,48300 KRW,재고 없음,http://dongin2xu.godohosting.com//goods/20/12/52/1000002041/1000002041_main_075.jpg
X0MM15143BLK,칼마 엑스트라 세퍼레잇 빅가이핏 티,,https://www.2xu.kr/goods/goods_view.php?goodsNo=1000002040,새 상품,48300 KRW,재고 없음,http://dongin2xu.godohosting.com//goods/20/12/52/1000002040/1000002040_main_073.jpg
X0MM15141YEL,빅로고 티(엑스트라 핏),,https://www.2xu.kr/goods/goods_view.php?goodsNo=1000002039,새 상품,41300 KRW,재고 없음,http://dongin2xu.godohosting.com//goods/20/12/52/1000002039/1000002039_main_082.jpg
X0MM15141BLK,빅로고 티(엑스트라 핏),,https://www.2xu.kr/goods/goods_view.php?goodsNo=1000002038,새 상품,41300 KRW,재고 없음,http://dongin2xu.godohosting.com//goods/20/12/52/1000002038/1000002038_main_079.jpg
X0MM15141BEG,빅로고 티(엑스트라 핏),,https://www.2xu.kr/goods/goods_view.php?goodsNo=1000002037,새 상품,41300 KRW,재고 없음,http://dongin2xu.godohosting.com//goods/20/12/52/1000002037/1000002037_main_076.jpg
X0MM15132LBE,소타 암 티,,https://www.2xu.kr/goods/goods_view.php?goodsNo=1000002036,새 상품,55300 KRW,재고 있음,http://dongin2xu.godohosting.com//goods/20/12/52/1000002036/1000002036_main_042.jpg
X0MM15132BLK,소타 암 티,,https://www.2xu.kr/goods/goods_view.php?goodsNo=1000002035,새 상품,55300 KRW,재고 없음,http://dongin2xu.godohosting.com//goods/20/12/52/1000002035/1000002035_main_04.jpg
X0MM15123LKH,데이브레이크 엑티브 티,,https://www.2xu.kr/goods/goods_view.php?goodsNo=1000002034,새 상품,48300 KRW,재고 있음,http://dongin2xu.godohosting.com//goods/20/12/52/1000002034/1000002034_main_081.jpg
X0MM15123LBE,데이브레이크 엑티브 티,,https://www.2xu.kr/goods/goods_view.php?goodsNo=1000002033,새 상품,48300 KRW,재고 없음,http://dongin2xu.godohosting.com//goods/20/12/52/1000002033/1000002033_main_02.jpg
X0MM15123BLK,데이브레이크 엑티브 티,,https://www.2xu.kr/goods/goods_view.php?goodsNo=1000002032,새 상품,48300 KRW,재고 없음,http://dongin2xu.godohosting.com//goods/20/12/52/1000002032/1000002032_main_026.jpg
X0MM15112BLK,GHST 라이트웨이트 런 티,,https://www.2xu.kr/goods/goods_view.php?goodsNo=1000002031,새 상품,69300 KRW,재고 있음,http://dongin2xu.godohosting.com//goods/20/12/52/1000002031/1000002031_main_064.jpg
MM15033LBE,얼티밋 트레인 민소매,,https://www.2xu.kr/goods/goods_view.php?goodsNo=1000002025,새 상품,34300 KRW,재고 있음,http://dongin2xu.godohosting.com//goods/20/12/52/1000002025/1000002025_main_046.jpg
X0MM15033BLK,얼티밋 트레인 민소매,,https://www.2xu.kr/goods/goods_view.php?goodsNo=1000002024,새 상품,34300 KRW,재고 있음,http://dongin2xu.godohosting.com//goods/20/12/52/1000002024/1000002024_main_027.jpg
X0MM15032KHA,부에노 엑스 그래픽 민소매,,https://www.2xu.kr/goods/goods_view.php?goodsNo=1000002023,새 상품,41300 KRW,재고 있음,http://dongin2xu.godohosting.com//goods/20/12/52/1000002023/1000002023_main_031.jpg
X0MM15012BLK,에어로 메쉬 민소매,,https://www.2xu.kr/goods/goods_view.php?goodsNo=1000002022,새 상품,34300 KRW,재고 있음,http://dongin2xu.godohosting.com//goods/20/12/52/1000002022/1000002022_main_080.jpg
X0MM15012LGY,에어로 메쉬 민소매,,https://www.2xu.kr/goods/goods_view.php?goodsNo=1000002021,새 상품,34300 KRW,재고 있음,http://dongin2xu.godohosting.com//goods/20/12/52/1000002021/1000002021_main_071.jpg
X0MM15011BLK,GHST 라이트웨이트 런 민소매,,https://www.2xu.kr/goods/goods_view.php?goodsNo=1000002020,새 상품,48300 KRW,재고 있음,http://dongin2xu.godohosting.com//goods/20/12/52/1000002020/1000002020_main_021.jpg
X0MU11632KHA,얼티밋 트레이닝 자켓,,https://www.2xu.kr/goods/goods_view.php?goodsNo=1000002017,새 상품,97300 KRW,재고 있음,http://dongin2xu.godohosting.com//goods/20/12/52/1000002017/1000002017_main_028.jpg
X0MU11632LGY,얼티밋 트레이닝 자켓,,https://www.2xu.kr/goods/goods_view.php?goodsNo=1000002016,새 상품,97300 KRW,재고 있음,http://dongin2xu.godohosting.com//goods/20/12/52/1000002016/1000002016_main_072.jpg
X0MU11632BLK,얼티밋 트레이닝 자켓,,https://www.2xu.kr/goods/goods_view.php?goodsNo=1000002015,새 상품,97300 KRW,재고 있음,http://dongin2xu.godohosting.com//goods/20/12/52/1000002015/1000002015_main_031.jpg
X0MM11641BLK,아카바 엑스트라 트레이닝 자켓,,https://www.2xu.kr/goods/goods_view.php?goodsNo=1000002014,새 상품,97300 KRW,재고 있음,http://dongin2xu.godohosting.com//goods/20/12/52/1000002014/1000002014_main_011.jpg
X0MM11631BLK,니프로 트리콧 트레이닝 자켓,,https://www.2xu.kr/goods/goods_view.php?goodsNo=1000002013,새 상품,111300 KRW,재고 있음,http://dongin2xu.godohosting.com//goods/20/12/52/1000002013/1000002013_main_086.jpg
X0MM11631RBL,니프로 트리콧 트레이닝 자켓,,https://www.2xu.kr/goods/goods_view.php?goodsNo=1000002012,새 상품,111300 KRW,재고 없음,http://dongin2xu.godohosting.com//goods/20/12/52/1000002012/1000002012_main_056.jpg
X0MM11612BEG,에어로 엑스 트레이닝 자켓,,https://www.2xu.kr/goods/goods_view.php?goodsNo=1000002011,새 상품,125300 KRW,재고 있음,http://dongin2xu.godohosting.com//goods/20/12/52/1000002011/1000002011_main_093.jpg
X0MM11603BLK,트리콧 콜랩 트레이닝 자켓,,https://www.2xu.kr/goods/goods_view.php?goodsNo=1000002010,새 상품,111300 KRW,재고 있음,http://dongin2xu.godohosting.com//goods/20/12/52/1000002010/1000002010_main_019.jpg
X0MM11603WHT,트리콧 콜랩 트레이닝 자켓,,https://www.2xu.kr/goods/goods_view.php?goodsNo=1000002009,새 상품,111300 KRW,재고 있음,http://dongin2xu.godohosting.com//goods/20/12/52/1000002009/1000002009_main_061.jpg
X0LM2C104BLK,기모 컴프레션 긴팔티,,https://www.2xu.kr/goods/goods_view.php?goodsNo=1000001749,새 상품,119000 KRW,재고 있음,http://dongin2xu.godohosting.com//goods/20/10/42/1000001749/1000001749_main_061.jpg
X0WU13522WLB,폴라텍 플리스 자켓,,https://www.2xu.kr/goods/goods_view.php?goodsNo=1000001648,새 상품,62300 KRW,재고 있음,http://dongin2xu.godohosting.com//goods/20/09/37/1000001648/1000001648_main_079.jpg
X0WU13522KHA,폴라텍 플리스 자켓,,https://www.2xu.kr/goods/goods_view.php?goodsNo=1000001647,새 상품,62300 KRW,재고 있음,http://dongin2xu.godohosting.com//goods/20/09/37/1000001647/1000001647_main_014.jpg
X0WU13522BLK4133,폴라텍 플리스 자켓,,https://www.2xu.kr/goods/goods_view.php?goodsNo=1000001646,새 상품,62300 KRW,재고 없음,http://dongin2xu.godohosting.com//goods/20/09/37/1000001646/1000001646_main_048.jpg
X0MM2B302_BLK,액티브 경기복 트라이수트,,https://www.2xu.kr/goods/goods_view.php?goodsNo=1000001485,새 상품,125300 KRW,재고 있음,https://www.2xu.kr/data/goods/20/04/16//1000001485/1000001485_main_038.jpg
X0MM2WE01_BLU,프로펠 웻수트,,https://www.2xu.kr/goods/goods_view.php?goodsNo=1000001479,새 상품,367500 KRW,재고 있음,https://www.2xu.kr/data/goods/20/04/16//1000001479/1000001479_main_071.jpg
X0MM2G511_BLK,GHST 런 쇼츠,,https://www.2xu.kr/goods/goods_view.php?goodsNo=1000001371,새 상품,55300 KRW,재고 있음,https://www.2xu.kr/data/goods/20/03/13//1000001371/1000001371_main_096.jpg
XVFU10101_BLK,레브백팩,,https://www.2xu.kr/goods/goods_view.php?goodsNo=1000001027,새 상품,101400 KRW,재고 있음,https://www.2xu.kr/data/goods/19/09/37//1000001027/1000001027_main_028.jpg
XVFU10101_NVY,레브백팩,,https://www.2xu.kr/goods/goods_view.php?goodsNo=1000001026,새 상품,101400 KRW,재고 있음,https://www.2xu.kr/data/goods/19/09/37//1000001026/1000001026_main_059.jpg
XVFU10102_BLK,펀챌 백팩,,https://www.2xu.kr/goods/goods_view.php?goodsNo=1000001025,새 상품,95400 KRW,재고 있음,https://www.2xu.kr/data/goods/19/09/37//1000001025/1000001025_main_047.jpg
XVS0122_BLK,질롱 워터백,,https://www.2xu.kr/goods/goods_view.php?goodsNo=1000000855,새 상품,22800 KRW,재고 있음,https://www.2xu.kr/data/goods/19/04/17/1000000855/1000000855_main_03.jpg
XVS0125_BLK,푸콘 베스트팩,,https://www.2xu.kr/goods/goods_view.php?goodsNo=1000000822,새 상품,95400 KRW,재고 있음,https://www.2xu.kr/data/goods/19/04/15/1000000822/1000000822_main_067.jpg
XVS0213_GRY,퍼포먼스 런 바이저,,https://www.2xu.kr/goods/goods_view.php?goodsNo=1000000810,새 상품,23400 KRW,재고 있음,https://www.2xu.kr/data/goods/19/04/14/1000000810/1000000810_main_058.jpg
XVS0113_BLK,시더 크로스백,,https://www.2xu.kr/goods/goods_view.php?goodsNo=1000000792,새 상품,101400 KRW,재고 있음,https://www.2xu.kr/data/goods/19/04/14/1000000792/1000000792_main_069.jpg
XVS0115_BLK,알란야 슬링백,,https://www.2xu.kr/goods/goods_view.php?goodsNo=1000000791,새 상품,77400 KRW,재고 있음,https://www.2xu.kr/data/goods/19/04/14/1000000791/1000000791_main_043.jpg
XVS0112_BLK,멘로 크로스백,,https://www.2xu.kr/goods/goods_view.php?goodsNo=1000000790,새 상품,71400 KRW,재고 있음,https://www.2xu.kr/data/goods/19/04/14/1000000790/1000000790_main_06.jpg
XVS0110_GRY,비쉬 백팩,,https://www.2xu.kr/goods/goods_view.php?goodsNo=1000000789,새 상품,113400 KRW,재고 있음,https://www.2xu.kr/data/goods/19/04/14/1000000789/1000000789_main_02.jpg
XVS0110_BLK,비쉬 백팩,,https://www.2xu.kr/goods/goods_view.php?goodsNo=1000000788,새 상품,113400 KRW,재고 있음,https://www.2xu.kr/data/goods/19/04/14/1000000788/1000000788_main_075.jpg
XVS0209_BLK,유틸리티 포켓 캠프캡,,https://www.2xu.kr/goods/goods_view.php?goodsNo=1000000756,새 상품,27000 KRW,재고 있음,https://www.2xu.kr/data/goods/19/03/12/1000000756/1000000756_main_088.jpg
XVS0208_GRY,라이트 런캡,,https://www.2xu.kr/goods/goods_view.php?goodsNo=1000000753,새 상품,22800 KRW,재고 있음,https://www.2xu.kr/data/goods/19/03/12/1000000753/1000000753_main_071.jpg
XVS0116_BLK,타우포 백팩,,https://www.2xu.kr/goods/goods_view.php?goodsNo=1000000749,새 상품,137400 KRW,재고 있음,https://www.2xu.kr/data/goods/19/03/11/1000000749/1000000749_main_095.jpg
XVS0206_WHT,3M 프린트 볼캡,,https://www.2xu.kr/goods/goods_view.php?goodsNo=1000000730,새 상품,27000 KRW,재고 있음,https://www.2xu.kr/data/goods/19/03/10/1000000730/1000000730_main_094.jpg
XVS0206_NVY,3M 프린트 볼캡,,https://www.2xu.kr/goods/goods_view.php?goodsNo=1000000729,새 상품,27000 KRW,재고 있음,https://www.2xu.kr/data/goods/19/03/10/1000000729/1000000729_main_039.jpg
XVS0205_WHT,투톤 프린트 트러커,,https://www.2xu.kr/goods/goods_view.php?goodsNo=1000000727,새 상품,27000 KRW,재고 있음,https://www.2xu.kr/data/goods/19/03/10/1000000727/1000000727_main_039.jpg
XVS0205_BLK,투톤 프린트 트러커,,https://www.2xu.kr/goods/goods_view.php?goodsNo=1000000726,새 상품,27000 KRW,재고 있음,https://www.2xu.kr/data/goods/19/03/10/1000000726/1000000726_main_056.jpg
XVS0126_BLK,카일루아 카고백,,https://www.2xu.kr/goods/goods_view.php?goodsNo=1000000724,새 상품,167400 KRW,재고 있음,https://www.2xu.kr/data/goods/19/02/05/1000000724/1000000724_main_012.jpg
XVS0123_BLK,주리치 바디백,,https://www.2xu.kr/goods/goods_view.php?goodsNo=1000000723,새 상품,59400 KRW,재고 있음,https://www.2xu.kr/data/goods/19/02/05/1000000723/1000000723_main_088.jpg
XVS0114_BLK,질리나 크로스백,,https://www.2xu.kr/goods/goods_view.php?goodsNo=1000000722,새 상품,53400 KRW,재고 있음,https://www.2xu.kr/data/goods/19/02/05/1000000722/1000000722_main_036.jpg
XVS0111_BLK,크루스 크로스백,,https://www.2xu.kr/goods/goods_view.php?goodsNo=1000000721,새 상품,101400 KRW,재고 있음,https://www.2xu.kr/data/goods/19/02/05/1000000721/1000000721_main_033.jpg
XVS0102_BLK,네이플스 백팩,,https://www.2xu.kr/goods/goods_view.php?goodsNo=1000000720,새 상품,95400 KRW,재고 있음,https://www.2xu.kr/data/goods/19/02/05/1000000720/1000000720_main_021.jpg
XVS0109_BLK,다바오 토트백,,https://www.2xu.kr/goods/goods_view.php?goodsNo=1000000719,새 상품,59400 KRW,재고 있음,https://www.2xu.kr/data/goods/19/02/05/1000000719/1000000719_main_036.jpg
XVS0108_BLK,모젤 크로스백,,https://www.2xu.kr/goods/goods_view.php?goodsNo=1000000718,새 상품,47400 KRW,재고 있음,https://www.2xu.kr/data/goods/19/02/05/1000000718/1000000718_main_037.jpg
XVS0101_GRY,오아후 백팩,,https://www.2xu.kr/goods/goods_view.php?goodsNo=1000000717,새 상품,107400 KRW,재고 있음,https://www.2xu.kr/data/goods/19/02/05/1000000717/1000000717_main_091.jpg
XVS0101_BLK,오아후 백팩,,https://www.2xu.kr/goods/goods_view.php?goodsNo=1000000716,새 상품,107400 KRW,재고 있음,https://www.2xu.kr/data/goods/19/02/05/1000000716/1000000716_main_080.jpg
XVS0204_WHT,메쉬 볼캡,,https://www.2xu.kr/goods/goods_view.php?goodsNo=1000000693,새 상품,25800 KRW,재고 있음,https://www.2xu.kr/data/goods/19/01/04/1000000693/1000000693_main_028.jpg
XVS0204_BLU,메쉬 볼캡,,https://www.2xu.kr/goods/goods_view.php?goodsNo=1000000692,새 상품,25800 KRW,재고 있음,https://www.2xu.kr/data/goods/19/01/04/1000000692/1000000692_main_081.jpg
XVS0204_BLK,메쉬 볼캡,,https://www.2xu.kr/goods/goods_view.php?goodsNo=1000000691,새 상품,25800 KRW,재고 있음,https://www.2xu.kr/data/goods/19/01/04/1000000691/1000000691_main_020.jpg
XVS0202_NVY,빅로고 스냅백,,https://www.2xu.kr/goods/goods_view.php?goodsNo=1000000690,새 상품,25800 KRW,재고 있음,https://www.2xu.kr/data/goods/19/01/04/1000000690/1000000690_main_039.jpg
XVS0202_GRY,빅로고 스냅백,,https://www.2xu.kr/goods/goods_view.php?goodsNo=1000000689,새 상품,25800 KRW,재고 있음,https://www.2xu.kr/data/goods/19/01/04/1000000689/1000000689_main_013.jpg
XVS0202_BLK,빅로고 스냅백,,https://www.2xu.kr/goods/goods_view.php?goodsNo=1000000688,새 상품,25800 KRW,재고 없음,https://www.2xu.kr/data/goods/19/01/04/1000000688/1000000688_main_059.jpg
XVS0201_WHT,빅로고 볼캡,,https://www.2xu.kr/goods/goods_view.php?goodsNo=1000000687,새 상품,25800 KRW,재고 있음,https://www.2xu.kr/data/goods/19/01/04/1000000687/1000000687_main_093.jpg
XVS0201_GRY,빅로고 볼캡,,https://www.2xu.kr/goods/goods_view.php?goodsNo=1000000686,새 상품,25800 KRW,재고 있음,https://www.2xu.kr/data/goods/19/01/04/1000000686/1000000686_main_055.jpg
XVS0201_BLK,빅로고 볼캡,,https://www.2xu.kr/goods/goods_view.php?goodsNo=1000000685,새 상품,25800 KRW,재고 있음,https://www.2xu.kr/data/goods/19/01/04/1000000685/1000000685_main_041.jpg
XVS0107_BLK,볼더 슬링백,,https://www.2xu.kr/goods/goods_view.php?goodsNo=1000000684,새 상품,71400 KRW,재고 있음,https://www.2xu.kr/data/goods/19/01/04/1000000684/1000000684_main_044.jpg
XVS0106_NVY,넬슨 백팩,,https://www.2xu.kr/goods/goods_view.php?goodsNo=1000000683,새 상품,95400 KRW,재고 있음,https://www.2xu.kr/data/goods/19/01/04/1000000683/1000000683_main_088.jpg
XVS0106_BLK,넬슨 백팩,,https://www.2xu.kr/goods/goods_view.php?goodsNo=1000000682,새 상품,95400 KRW,재고 있음,https://www.2xu.kr/data/goods/19/01/04/1000000682/1000000682_main_03.jpg
XVS0105_GRY,던디 백팩,,https://www.2xu.kr/goods/goods_view.php?goodsNo=1000000681,새 상품,89400 KRW,재고 있음,https://www.2xu.kr/data/goods/19/01/04/1000000681/1000000681_main_016.jpg
XVS0105_BLK,던디 백팩,,https://www.2xu.kr/goods/goods_view.php?goodsNo=1000000680,새 상품,89400 KRW,재고 있음,https://www.2xu.kr/data/goods/19/01/04/1000000680/1000000680_main_05.jpg
XVS0104_NVY,브리비 백팩,,https://www.2xu.kr/goods/goods_view.php?goodsNo=1000000679,새 상품,83400 KRW,재고 있음,https://www.2xu.kr/data/goods/19/01/04/1000000679/1000000679_main_021.jpg
XVS0104_BLK,브리비 백팩,,https://www.2xu.kr/goods/goods_view.php?goodsNo=1000000678,새 상품,83400 KRW,재고 있음,https://www.2xu.kr/data/goods/19/01/04/1000000678/1000000678_main_018.jpg
XVS0103_GRY,템피 백팩,,https://www.2xu.kr/goods/goods_view.php?goodsNo=1000000677,새 상품,107400 KRW,재고 있음,https://www.2xu.kr/data/goods/19/01/04/1000000677/1000000677_main_068.jpg
XVS0103_BLK,템피 백팩,,https://www.2xu.kr/goods/goods_view.php?goodsNo=1000000676,새 상품,107400 KRW,재고 있음,https://www.2xu.kr/data/goods/19/01/04/1000000676/1000000676_main_020.jpg
XUMZ482_PPP,UNISEX PERFORMANCE VISOR,,https://www.2xu.kr/goods/goods_view.php?goodsNo=1000000642,새 상품,11600 KRW,재고 있음,https://www.2xu.kr/data/goods/19/01/02/1000000642/1000000642_main_058.jpg
XUM0230_WHT,MEN HPM CAP,,https://www.2xu.kr/goods/goods_view.php?goodsNo=1000000622,새 상품,19600 KRW,재고 있음,https://www.2xu.kr/data/goods/19/01/02/1000000622/1000000622_main_04.jpg
XUM0132_NVY,MEN ANYWHERE BACKPACK,,https://www.2xu.kr/goods/goods_view.php?goodsNo=1000000619,새 상품,55600 KRW,재고 있음,https://www.2xu.kr/data/goods/19/01/02/1000000619/1000000619_main_068.jpg
XULZ383_LPK,UNISEX RUN CAP,,https://www.2xu.kr/goods/goods_view.php?goodsNo=1000000585,새 상품,35000 KRW,재고 있음,https://www.2xu.kr/data/goods/18/10/41/1000000585/1000000585_main_039.jpg
XULZ383_BLK,UNISEX RUN CAP,,https://www.2xu.kr/goods/goods_view.php?goodsNo=1000000584,새 상품,35000 KRW,재고 있음,https://www.2xu.kr/data/goods/18/10/41/1000000584/1000000584_main_032.jpg
XULY384_NER,UNISEX FLEX 컴프레션 암가드 FOR RECOVERY (PAIR),,https://www.2xu.kr/goods/goods_view.php?goodsNo=1000000539,새 상품,69000 KRW,재고 있음,https://www.2xu.kr/data/goods/18/08/34/1000000539/1000000539_main_079.jpg
XUWC222_SLV,기모 컴프레션 레깅스,,https://www.2xu.kr/goods/goods_view.php?goodsNo=1000000493,새 상품,129000 KRW,재고 있음,https://www.2xu.kr/data/goods/18/08/33/1000000493/1000000493_main_073.jpg
XUWC222_NER,기모 컴프레션 레깅스,,https://www.2xu.kr/goods/goods_view.php?goodsNo=1000000492,새 상품,129000 KRW,재고 있음,https://www.2xu.kr/data/goods/18/08/33/1000000492/1000000492_main_07.jpg
XULZ384_BLK,UNISEX REFLECTIVE PEAK RUN CAP,,https://www.2xu.kr/goods/goods_view.php?goodsNo=1000000489,새 상품,15600 KRW,재고 있음,https://www.2xu.kr/data/goods/18/08/33/1000000489/1000000489_main_06.jpg
XULY582_BLK,UNISEX VECTR CUSHION CREW SOCKS,,https://www.2xu.kr/goods/goods_view.php?goodsNo=1000000483,새 상품,25000 KRW,재고 있음,https://www.2xu.kr/data/goods/18/08/32/1000000483/1000000483_main_06.jpg
XULY581_BLK,UNISEX VECTR ULTRALIGHT CREW SOCKS,,https://www.2xu.kr/goods/goods_view.php?goodsNo=1000000481,새 상품,25000 KRW,재고 있음,https://www.2xu.kr/data/goods/18/08/32/1000000481/1000000481_main_015.jpg
XULR110_NER,리프레쉬 리커버리 상의,,https://www.2xu.kr/goods/goods_view.php?goodsNo=1000000431,새 상품,139000 KRW,재고 있음,https://www.2xu.kr/data/goods/18/07/31/1000000431/1000000431_main_062.jpg
XULM229_NER,MCS 크로스트레이닝 컴프레션 레깅스,,https://www.2xu.kr/goods/goods_view.php?goodsNo=1000000426,새 상품,149000 KRW,재고 있음,https://www.2xu.kr/data/goods/18/07/31/1000000426/1000000426_main_071.jpg
XULM229_GLD,MCS 크로스트레이닝 컴프레션 레깅스,,https://www.2xu.kr/goods/goods_view.php?goodsNo=1000000425,새 상품,149000 KRW,재고 있음,https://www.2xu.kr/data/goods/18/07/31/1000000425/1000000425_main_06.jpg
XULE220_SRF,리플렉트 런 컴프레션 레깅스 (포켓),,https://www.2xu.kr/goods/goods_view.php?goodsNo=1000000398,새 상품,139000 KRW,재고 있음,https://www.2xu.kr/data/goods/18/07/30/1000000398/1000000398_main_045.jpg
XULC224_SLV,코어 컴프레션 레깅스,,https://www.2xu.kr/goods/goods_view.php?goodsNo=1000000388,새 상품,109000 KRW,재고 있음,https://www.2xu.kr/data/goods/18/07/30/1000000388/1000000388_main_041.jpg
XULC224_NER,코어 컴프레션 레깅스,,https://www.2xu.kr/goods/goods_view.php?goodsNo=1000000386,새 상품,109000 KRW,재고 있음,https://www.2xu.kr/data/goods/18/07/30/1000000386/1000000386_main_075.jpg
XULC112_SLV,컴프레션 반팔 상의,,https://www.2xu.kr/goods/goods_view.php?goodsNo=1000000385,새 상품,89000 KRW,재고 있음,https://www.2xu.kr/data/goods/18/07/30/1000000385/1000000385_main_036.jpg
XULC111_SLV,컴프레션 긴팔 상의,,https://www.2xu.kr/goods/goods_view.php?goodsNo=1000000384,새 상품,99000 KRW,재고 있음,https://www.2xu.kr/data/goods/18/07/30/1000000384/1000000384_main_015.jpg
XULC110_SLV,컴프레션 민소매,,https://www.2xu.kr/goods/goods_view.php?goodsNo=1000000383,새 상품,79000 KRW,재고 있음,https://www.2xu.kr/data/goods/18/07/30/1000000383/1000000383_main_067.jpg
XULA226_SLV,악셀러레이트 컴프레션 레깅스,,https://www.2xu.kr/goods/goods_view.php?goodsNo=1000000380,새 상품,119000 KRW,재고 있음,https://www.2xu.kr/data/goods/18/07/30/1000000380/1000000380_main_0100.jpg
XULA226_NER,악셀러레이트 컴프레션 레깅스,,https://www.2xu.kr/goods/goods_view.php?goodsNo=1000000379,새 상품,119000 KRW,재고 있음,https://www.2xu.kr/data/goods/18/07/30/1000000379/1000000379_main_085.jpg
XULY532_DGY,컴프레션 리커버리 양말,,https://www.2xu.kr/goods/goods_view.php?goodsNo=1000000373,새 상품,55000 KRW,재고 있음,https://www.2xu.kr/data/goods/18/07/30/1000000373/1000000373_main_013.jpg
XULY532_BLK,컴프레션 리커버리 양말,,https://www.2xu.kr/goods/goods_view.php?goodsNo=1000000372,새 상품,55000 KRW,재고 있음,https://www.2xu.kr/data/goods/18/07/30/1000000372/1000000372_main_037.jpg
XULY512_BLK,MEN FLIGHT COMPRESSION SOCKS,,https://www.2xu.kr/goods/goods_view.php?goodsNo=1000000371,새 상품,55000 KRW,재고 있음,https://www.2xu.kr/data/goods/18/07/30/1000000371/1000000371_main_09.jpg
XULY511_BLK,MEN 24/7 컴프레션 양말,,https://www.2xu.kr/goods/goods_view.php?goodsNo=1000000370,새 상품,55000 KRW,재고 있음,https://www.2xu.kr/data/goods/18/07/30/1000000370/1000000370_main_055.jpg
XULC240_SLV,코어 컴프레션 레깅스 (7부),,https://www.2xu.kr/goods/goods_view.php?goodsNo=1000000328,새 상품,99000 KRW,재고 있음,https://www.2xu.kr/data/goods/18/07/28/1000000328/1000000328_main_035.jpg
XULC240_NER,코어 컴프레션 레깅스 (7부),,https://www.2xu.kr/goods/goods_view.php?goodsNo=1000000327,새 상품,99000 KRW,재고 있음,https://www.2xu.kr/data/goods/18/07/28/1000000327/1000000327_main_037.jpg
XULC228_SRF,런 컴프레션 레깅스 (포켓),,https://www.2xu.kr/goods/goods_view.php?goodsNo=1000000322,새 상품,119000 KRW,재고 있음,https://www.2xu.kr/data/goods/18/07/28/1000000322/1000000322_main_082.jpg
XULC228_BRF,런 컴프레션 레깅스 (포켓),,https://www.2xu.kr/goods/goods_view.php?goodsNo=1000000321,새 상품,119000 KRW,재고 있음,https://www.2xu.kr/data/goods/18/07/28/1000000321/1000000321_main_081.jpg
XULA227_NVY,프린트 악셀러레이트 컴프레션 레깅스,,https://www.2xu.kr/goods/goods_view.php?goodsNo=1000000315,새 상품,119000 KRW,재고 있음,https://www.2xu.kr/data/goods/18/07/28/1000000315/1000000315_main_097.jpg
XULA227_KHA,프린트 악셀러레이트 컴프레션 레깅스,,https://www.2xu.kr/goods/goods_view.php?goodsNo=1000000313,새 상품,119000 KRW,재고 있음,https://www.2xu.kr/data/goods/18/07/28/1000000313/1000000313_main_044.jpg
XULA227_CHA,프린트 악셀러레이트 컴프레션 레깅스,,https://www.2xu.kr/goods/goods_view.php?goodsNo=1000000310,새 상품,119000 KRW,재고 있음,https://www.2xu.kr/data/goods/18/07/28/1000000310/1000000310_main_064.jpg
XULA224_NVY,악셀러레이트 컴프레션 레깅스 (포켓),,https://www.2xu.kr/goods/goods_view.php?goodsNo=1000000305,새 상품,129000 KRW,재고 있음,https://www.2xu.kr/data/goods/18/07/28/1000000305/1000000305_main_06.jpg
XULA224_KHA,악셀러레이트 컴프레션 레깅스 (포켓),,https://www.2xu.kr/goods/goods_view.php?goodsNo=1000000303,새 상품,129000 KRW,재고 있음,https://www.2xu.kr/data/goods/18/07/28/1000000303/1000000303_main_088.jpg
XUMA222_SIL,악셀러레이트 컴프레션 레깅스 (쇼츠),,https://www.2xu.kr/goods/goods_view.php?goodsNo=1000000275,새 상품,89000 KRW,재고 있음,https://www.2xu.kr/data/goods/18/07/27/1000000275/1000000275_main_034.jpg
XUM0171_BLK,EMBO PRINT DUFFLE BAG,,https://www.2xu.kr/goods/goods_view.php?goodsNo=1000000158,새 상품,51600 KRW,재고 있음,https://www.2xu.kr/data/goods/18/03/13/1000000158/1000000158_main_018.jpg
XUM0132_DMG,MEN ANYWHERE BACKPACK,,https://www.2xu.kr/goods/goods_view.php?goodsNo=1000000129,새 상품,55600 KRW,재고 있음,https://www.2xu.kr/data/goods/18/03/11/1000000129/1000000129_main_019.jpg
XUM0130_DMG,MEN BLOCKED DUFFLE BAG,,https://www.2xu.kr/goods/goods_view.php?goodsNo=1000000127,새 상품,43600 KRW,재고 있음,https://www.2xu.kr/data/goods/18/03/11/1000000127/1000000127_main_035.jpg
XUMZ582_BLL,TRANSITION BAG (UNISEX),,https://www.2xu.kr/goods/goods_view.php?goodsNo=1000000071,새 상품,63600 KRW,재고 있음,https://www.2xu.kr/data/goods/18/03/10/1000000071/1000000071_main_099.jpg
XUMZ581_BLL,DISTANCE BACKPACK (UNISEX),,https://www.2xu.kr/goods/goods_view.php?goodsNo=1000000065,새 상품,63600 KRW,재고 있음,https://www.2xu.kr/data/goods/18/03/10/1000000065/1000000065_main_065.jpg
